2026-09-24T10:18:46.405682+00:00 SG011-w2_plus_w1_squared 390914
2026-09-24T10:18:46.418825+00:00 SG013-w2_plus_w1_squared 390915
2026-09-24T10:18:46.431536+00:00 SG014-zero 390916
2026-09-24T10:18:46.444265+00:00 table3-C9-row2 390917
2026-09-24T10:18:46.457144+00:00 SG014-w2_plus_w1_squared 390918
2026-09-24T10:18:46.469153+00:00 table3-C16-row12 390919
2026-09-24T10:18:46.481259+00:00 SG015-zero 390920
2026-09-24T10:18:46.493612+00:00 SG015-w2_plus_w1_squared 390921
2026-09-24T10:18:46.505792+00:00 SG016-zero 390922
2026-09-24T10:18:46.518131+00:00 SG016-w2_plus_w1_squared 390923
2026-09-24T10:18:46.531011+00:00 SG017-zero 390924
2026-09-24T10:18:46.543570+00:00 SG017-w2_plus_w1_squared 390925
2026-09-24T10:18:46.556163+00:00 SG018-zero 390926
2026-09-24T10:18:46.568837+00:00 SG018-w2_plus_w1_squared 390927
2026-09-24T10:18:46.581156+00:00 SG019-zero 390928
2026-09-24T10:18:46.593139+00:00 SG019-w2_plus_w1_squared 390929
2026-09-24T10:18:46.605659+00:00 SG020-zero 390930
2026-09-24T10:18:46.618228+00:00 SG020-w2_plus_w1_squared 390931
2026-09-24T10:18:46.630767+00:00 SG021-zero 390932
2026-09-24T10:18:46.643184+00:00 SG021-w2_plus_w1_squared 390933
2026-09-24T10:18:46.655669+00:00 SG022-zero 390934
2026-09-24T10:18:46.668382+00:00 SG022-w2_plus_w1_squared 390935
2026-09-24T10:18:46.680984+00:00 SG023-zero 390936
2026-09-24T10:18:46.693990+00:00 SG023-w2_plus_w1_squared 390937
2026-09-24T10:18:46.707289+00:00 SG024-zero 390938
2026-09-24T10:18:46.719997+00:00 SG024-w2_plus_w1_squared 390939
2026-09-24T10:18:46.732807+00:00 SG025-zero 390940
2026-09-24T10:18:46.746637+00:00 SG025-w2_plus_w1_squared 390941
2026-09-24T10:18:46.759313+00:00 SG026-zero 390942
2026-09-24T10:18:46.771981+00:00 SG026-w2_plus_w1_squared 390943
2026-09-24T10:18:46.784434+00:00 SG027-zero 390944
2026-09-24T10:18:46.798719+00:00 SG027-w2_plus_w1_squared 390945
2026-09-24T10:18:46.810700+00:00 SG028-zero 390946
2026-09-24T10:18:46.825119+00:00 SG028-w2_plus_w1_squared 390947
2026-09-24T10:18:46.837454+00:00 SG029-zero 390948
2026-09-24T10:18:46.849883+00:00 SG029-w2_plus_w1_squared 390949
2026-09-24T10:18:46.862342+00:00 SG030-zero 390950
2026-09-24T10:18:46.874946+00:00 SG030-w2_plus_w1_squared 390951
2026-09-24T10:18:46.887520+00:00 SG031-zero 390952
2026-09-24T10:18:46.900171+00:00 SG031-w2_plus_w1_squared 390953
2026-09-24T10:18:46.912883+00:00 SG032-zero 390954
2026-09-24T10:18:46.925632+00:00 SG032-w2_plus_w1_squared 390955
2026-09-24T10:18:46.937827+00:00 SG033-zero 390956
2026-09-24T10:18:46.950141+00:00 SG033-w2_plus_w1_squared 390957
2026-09-24T10:18:46.962460+00:00 SG034-zero 390958
2026-09-24T10:18:46.975146+00:00 SG034-w2_plus_w1_squared 390959
2026-09-24T10:18:46.988003+00:00 SG035-zero 390960
2026-09-24T10:18:47.000752+00:00 SG035-w2_plus_w1_squared 390961
2026-09-24T10:18:47.013053+00:00 SG036-zero 390962
2026-09-24T10:18:47.025335+00:00 SG036-w2_plus_w1_squared 390963
2026-09-24T10:18:47.038101+00:00 SG037-zero 390964
2026-09-24T10:18:47.050670+00:00 SG037-w2_plus_w1_squared 390965
2026-09-24T10:18:47.063006+00:00 SG038-zero 390966
2026-09-24T10:18:47.076095+00:00 SG038-w2_plus_w1_squared 390967
2026-09-24T10:18:47.088625+00:00 SG039-zero 390968
2026-09-24T10:18:47.101512+00:00 SG039-w2_plus_w1_squared 390969
2026-09-24T10:18:47.114183+00:00 SG040-zero 390970
2026-09-24T10:18:47.126820+00:00 SG040-w2_plus_w1_squared 390971
2026-09-24T10:18:47.139884+00:00 SG041-zero 390972
2026-09-24T10:18:47.152659+00:00 SG041-w2_plus_w1_squared 390973
2026-09-24T10:18:47.165247+00:00 SG042-zero 390974
2026-09-24T10:18:47.178172+00:00 SG042-w2_plus_w1_squared 390975
2026-09-24T10:18:47.190960+00:00 SG043-zero 390976
2026-09-24T10:18:47.205331+00:00 SG043-w2_plus_w1_squared 390977
2026-09-24T10:18:47.217866+00:00 SG044-zero 390978
2026-09-24T10:18:47.230431+00:00 SG044-w2_plus_w1_squared 390979
2026-09-24T10:18:47.242938+00:00 SG045-zero 390980
2026-09-24T10:18:47.255293+00:00 SG045-w2_plus_w1_squared 390981
2026-09-24T10:18:47.268175+00:00 SG046-zero 390982
2026-09-24T10:18:47.280634+00:00 SG046-w2_plus_w1_squared 390983
2026-09-24T10:18:47.292919+00:00 SG047-zero 390984
2026-09-24T10:18:47.306073+00:00 SG047-w2_plus_w1_squared 390985
2026-09-24T10:18:47.318847+00:00 SG048-zero 390986
2026-09-24T10:18:47.331757+00:00 SG048-w2_plus_w1_squared 390987
2026-09-24T10:18:47.344297+00:00 SG049-zero 390988
2026-09-24T10:18:47.356864+00:00 SG049-w2_plus_w1_squared 390989
2026-09-24T10:18:47.369899+00:00 SG050-zero 390990
2026-09-24T10:18:47.382426+00:00 SG050-w2_plus_w1_squared 390991
2026-09-24T10:18:47.395043+00:00 SG051-zero 390992
2026-09-24T10:18:47.407719+00:00 SG051-w2_plus_w1_squared 390993
2026-09-24T10:18:47.420501+00:00 SG052-zero 390994
2026-09-24T10:18:47.433185+00:00 SG052-w2_plus_w1_squared 390995
2026-09-24T10:18:47.446012+00:00 SG053-zero 390996
2026-09-24T10:18:47.458691+00:00 SG053-w2_plus_w1_squared 390997
2026-09-24T10:18:47.471582+00:00 SG054-zero 390998
2026-09-24T10:18:47.484661+00:00 SG054-w2_plus_w1_squared 390999
2026-09-24T10:18:47.497296+00:00 SG055-zero 391000
2026-09-24T10:18:47.510255+00:00 SG055-w2_plus_w1_squared 391001
2026-09-24T10:18:47.522955+00:00 SG056-zero 391002
2026-09-24T10:18:47.535574+00:00 SG056-w2_plus_w1_squared 391003
2026-09-24T10:18:47.548176+00:00 SG057-zero 391004
2026-09-24T10:18:47.560799+00:00 SG057-w2_plus_w1_squared 391005
2026-09-24T10:18:47.573450+00:00 SG058-zero 391006
2026-09-24T10:18:47.586082+00:00 SG058-w2_plus_w1_squared 391007
2026-09-24T10:18:47.598992+00:00 SG059-zero 391008
2026-09-24T10:18:47.611870+00:00 SG059-w2_plus_w1_squared 391009
2026-09-24T10:18:47.624428+00:00 SG060-zero 391010
2026-09-24T10:18:47.637085+00:00 SG060-w2_plus_w1_squared 391011
2026-09-24T10:18:47.649751+00:00 SG061-zero 391012
2026-09-24T10:18:47.662202+00:00 SG061-w2_plus_w1_squared 391013
2026-09-24T10:18:47.675158+00:00 SG062-zero 391014
2026-09-24T10:18:47.688050+00:00 SG062-w2_plus_w1_squared 391015
2026-09-24T10:18:47.700970+00:00 SG063-zero 391016
2026-09-24T10:18:47.713253+00:00 SG063-w2_plus_w1_squared 391017
2026-09-24T10:18:47.725968+00:00 SG064-zero 391018
2026-09-24T10:18:47.738597+00:00 SG064-w2_plus_w1_squared 391019
2026-09-24T10:18:47.752788+00:00 SG065-zero 391020
2026-09-24T10:18:47.765395+00:00 SG065-w2_plus_w1_squared 391021
2026-09-24T10:18:47.778601+00:00 SG066-zero 391022
2026-09-24T10:18:47.791683+00:00 SG066-w2_plus_w1_squared 391023
2026-09-24T10:18:47.804436+00:00 SG067-zero 391024
2026-09-24T10:18:47.817752+00:00 SG067-w2_plus_w1_squared 391025
2026-09-24T10:18:47.830538+00:00 SG068-zero 391026
2026-09-24T10:18:47.843152+00:00 SG068-w2_plus_w1_squared 391027
2026-09-24T10:18:47.856286+00:00 SG069-zero 391028
2026-09-24T10:18:47.869445+00:00 SG069-w2_plus_w1_squared 391029
2026-09-24T10:18:47.882027+00:00 SG070-zero 391030
2026-09-24T10:18:47.894487+00:00 SG070-w2_plus_w1_squared 391031
2026-09-24T10:18:47.906722+00:00 SG071-zero 391032
2026-09-24T10:18:47.919159+00:00 SG071-w2_plus_w1_squared 391033
2026-09-24T10:18:47.932069+00:00 SG072-zero 391034
2026-09-24T10:18:47.944957+00:00 SG072-w2_plus_w1_squared 391035
2026-09-24T10:18:47.957413+00:00 SG073-zero 391036
2026-09-24T10:18:47.969988+00:00 SG073-w2_plus_w1_squared 391037
2026-09-24T10:18:47.982415+00:00 SG074-zero 391038
2026-09-24T10:18:47.995033+00:00 SG074-w2_plus_w1_squared 391039
2026-09-24T10:18:48.007601+00:00 SG075-zero 391040
2026-09-24T10:18:48.030997+00:00 SG075-w2_plus_w1_squared 391041
2026-09-24T10:18:48.043887+00:00 SG076-zero 391042
2026-09-24T10:18:48.056666+00:00 SG076-w2_plus_w1_squared 391043
2026-09-24T10:18:48.069173+00:00 SG077-zero 391044
2026-09-24T10:18:48.082321+00:00 SG077-w2_plus_w1_squared 391045
2026-09-24T10:18:48.095091+00:00 SG078-zero 391046
2026-09-24T10:18:48.107983+00:00 SG078-w2_plus_w1_squared 391047
2026-09-24T10:18:48.120416+00:00 SG079-zero 391048
2026-09-24T10:18:48.132748+00:00 SG079-w2_plus_w1_squared 391049
2026-09-24T10:18:48.146443+00:00 SG080-zero 391050
2026-09-24T10:18:48.159352+00:00 SG080-w2_plus_w1_squared 391051
2026-09-24T10:18:48.172379+00:00 SG081-zero 391052
2026-09-24T10:18:48.184830+00:00 SG081-w2_plus_w1_squared 391053
2026-09-24T10:18:48.197167+00:00 SG082-zero 391054
2026-09-24T10:18:48.210114+00:00 SG082-w2_plus_w1_squared 391055
2026-09-24T10:18:48.225474+00:00 SG083-zero 391056
2026-09-24T10:18:48.238335+00:00 SG083-w2_plus_w1_squared 391057
2026-09-24T10:18:48.250916+00:00 SG084-zero 391058
2026-09-24T10:18:48.264081+00:00 SG084-w2_plus_w1_squared 391059
2026-09-24T10:18:48.276711+00:00 SG085-zero 391060
{"certified_ko": false, "completed_e6": 51, "counts": {"PENDING": 147, "computed": 51, "not_submitted": 291}, "finite_comparison_counts": {"not_computed": 6, "order_differs": 3, "order_matches_extensions_unresolved": 81}, "space_comparison_counts": {"layer_discrepancy": 3, "layers_match": 10, "not_computed": 217, "twist_not_tabulated": 230}, "total_tasks": 489, "updated_utc": "2026-09-24T10:18:48.725186+00:00"}
2026-09-24T10:19:48.979446+00:00 SG085-w2_plus_w1_squared 391061
2026-09-24T10:19:48.993358+00:00 SG086-zero 391062
2026-09-24T10:19:49.006861+00:00 SG086-w2_plus_w1_squared 391063
2026-09-24T10:19:49.019758+00:00 SG087-zero 391064
2026-09-24T10:19:49.032891+00:00 SG087-w2_plus_w1_squared 391065
2026-09-24T10:19:49.046059+00:00 SG088-zero 391066
2026-09-24T10:19:49.058849+00:00 SG088-w2_plus_w1_squared 391067
2026-09-24T10:19:49.071702+00:00 SG089-zero 391068
2026-09-24T10:19:49.084636+00:00 SG089-w2_plus_w1_squared 391069
2026-09-24T10:19:49.097301+00:00 SG090-zero 391070
2026-09-24T10:19:49.109957+00:00 SG090-w2_plus_w1_squared 391071
{"certified_ko": false, "completed_e6": 63, "counts": {"PENDING": 143, "RUNNING": 3, "computed": 63, "not_submitted": 280}, "finite_comparison_counts": {"order_differs": 3, "order_matches_extensions_unresolved": 87}, "space_comparison_counts": {"layer_discrepancy": 4, "layers_match": 14, "not_computed": 212, "twist_not_tabulated": 230}, "total_tasks": 489, "updated_utc": "2026-09-24T10:19:49.413746+00:00"}
2026-09-24T10:20:49.595059+00:00 SG091-zero 391072
2026-09-24T10:20:49.608873+00:00 SG091-w2_plus_w1_squared 391073
2026-09-24T10:20:49.621935+00:00 SG092-zero 391074
2026-09-24T10:20:49.635091+00:00 SG092-w2_plus_w1_squared 391075
2026-09-24T10:20:49.648055+00:00 SG093-zero 391076
2026-09-24T10:20:49.660797+00:00 SG093-w2_plus_w1_squared 391077
2026-09-24T10:20:49.673671+00:00 SG094-zero 391078
2026-09-24T10:20:49.686758+00:00 SG094-w2_plus_w1_squared 391079
2026-09-24T10:20:49.699742+00:00 SG095-zero 391080
2026-09-24T10:20:49.712476+00:00 SG095-w2_plus_w1_squared 391081
2026-09-24T10:20:49.725242+00:00 SG096-zero 391082
2026-09-24T10:20:49.738165+00:00 SG096-w2_plus_w1_squared 391083
2026-09-24T10:20:49.750782+00:00 SG097-zero 391084
{"certified_ko": false, "completed_e6": 75, "counts": {"PENDING": 143, "RUNNING": 4, "computed": 75, "not_submitted": 267}, "finite_comparison_counts": {"order_differs": 3, "order_matches_extensions_unresolved": 87}, "space_comparison_counts": {"layer_discrepancy": 4, "layers_match": 20, "not_computed": 206, "twist_not_tabulated": 230}, "total_tasks": 489, "updated_utc": "2026-09-24T10:20:50.042501+00:00"}
2026-09-24T10:21:50.246872+00:00 SG097-w2_plus_w1_squared 391085
2026-09-24T10:21:50.260070+00:00 SG098-zero 391086
2026-09-24T10:21:50.272821+00:00 SG098-w2_plus_w1_squared 391087
2026-09-24T10:21:50.285588+00:00 SG099-zero 391088
2026-09-24T10:21:50.298454+00:00 SG099-w2_plus_w1_squared 391089
2026-09-24T10:21:50.311559+00:00 SG100-zero 391090
2026-09-24T10:21:50.324506+00:00 SG100-w2_plus_w1_squared 391091
2026-09-24T10:21:50.338855+00:00 SG101-zero 391092
2026-09-24T10:21:50.352324+00:00 SG101-w2_plus_w1_squared 391093
2026-09-24T10:21:50.365074+00:00 SG102-zero 391094
2026-09-24T10:21:50.377732+00:00 SG102-w2_plus_w1_squared 391095
2026-09-24T10:21:50.390095+00:00 SG103-zero 391096
2026-09-24T10:21:50.403369+00:00 SG103-w2_plus_w1_squared 391097
{"certified_ko": false, "completed_e6": 88, "counts": {"PENDING": 143, "RUNNING": 4, "computed": 88, "not_submitted": 254}, "finite_comparison_counts": {"order_differs": 3, "order_matches_extensions_unresolved": 87}, "space_comparison_counts": {"layer_discrepancy": 7, "layers_match": 24, "not_computed": 199, "twist_not_tabulated": 230}, "total_tasks": 489, "updated_utc": "2026-09-24T10:21:50.697978+00:00"}
2026-09-24T10:22:50.902201+00:00 SG104-zero 391098
2026-09-24T10:22:50.915876+00:00 SG104-w2_plus_w1_squared 391099
2026-09-24T10:22:50.928877+00:00 SG105-zero 391100
2026-09-24T10:22:50.941313+00:00 SG105-w2_plus_w1_squared 391101
2026-09-24T10:22:50.954119+00:00 SG106-zero 391102
2026-09-24T10:22:50.966842+00:00 SG106-w2_plus_w1_squared 391103
2026-09-24T10:22:50.979703+00:00 SG107-zero 391104
2026-09-24T10:22:50.992860+00:00 SG107-w2_plus_w1_squared 391105
2026-09-24T10:22:51.011755+00:00 SG108-zero 391106
2026-09-24T10:22:51.024678+00:00 SG108-w2_plus_w1_squared 391107
2026-09-24T10:22:51.037372+00:00 SG109-zero 391108
2026-09-24T10:22:51.050301+00:00 SG109-w2_plus_w1_squared 391109
2026-09-24T10:22:51.062741+00:00 SG110-zero 391110
2026-09-24T10:22:51.075260+00:00 SG110-w2_plus_w1_squared 391111
{"certified_ko": false, "completed_e6": 102, "counts": {"PENDING": 143, "RUNNING": 4, "computed": 102, "not_submitted": 240}, "finite_comparison_counts": {"order_differs": 3, "order_matches_extensions_unresolved": 87}, "space_comparison_counts": {"layer_discrepancy": 11, "layers_match": 26, "not_computed": 193, "twist_not_tabulated": 230}, "total_tasks": 489, "updated_utc": "2026-09-24T10:22:51.380669+00:00"}
2026-09-24T10:23:51.582870+00:00 SG111-zero 391112
2026-09-24T10:23:51.596403+00:00 SG111-w2_plus_w1_squared 391113
2026-09-24T10:23:51.609749+00:00 SG112-zero 391114
2026-09-24T10:23:51.622557+00:00 SG112-w2_plus_w1_squared 391115
2026-09-24T10:23:51.635215+00:00 SG113-zero 391116
2026-09-24T10:23:51.648029+00:00 SG113-w2_plus_w1_squared 391117
2026-09-24T10:23:51.660839+00:00 SG114-zero 391118
{"certified_ko": false, "completed_e6": 110, "counts": {"PENDING": 143, "RUNNING": 3, "computed": 110, "not_submitted": 233}, "finite_comparison_counts": {"order_differs": 3, "order_matches_extensions_unresolved": 87}, "space_comparison_counts": {"layer_discrepancy": 12, "layers_match": 30, "not_computed": 188, "twist_not_tabulated": 230}, "total_tasks": 489, "updated_utc": "2026-09-24T10:23:51.932741+00:00"}
2026-09-24T10:24:52.137203+00:00 SG114-w2_plus_w1_squared 391119
2026-09-24T10:24:52.150375+00:00 SG115-zero 391120
2026-09-24T10:24:52.163100+00:00 SG115-w2_plus_w1_squared 391121
2026-09-24T10:24:52.175907+00:00 SG116-zero 391122
2026-09-24T10:24:52.188371+00:00 SG116-w2_plus_w1_squared 391123
2026-09-24T10:24:52.200944+00:00 SG117-zero 391124
2026-09-24T10:24:52.213497+00:00 SG117-w2_plus_w1_squared 391125
2026-09-24T10:24:52.226487+00:00 SG118-zero 391126
2026-09-24T10:24:52.239243+00:00 SG118-w2_plus_w1_squared 391127
{"certified_ko": false, "completed_e6": 118, "counts": {"PENDING": 143, "RUNNING": 4, "computed": 118, "not_submitted": 224}, "finite_comparison_counts": {"order_differs": 3, "order_matches_extensions_unresolved": 87}, "space_comparison_counts": {"layer_discrepancy": 14, "layers_match": 32, "not_computed": 184, "twist_not_tabulated": 230}, "total_tasks": 489, "updated_utc": "2026-09-24T10:24:52.511774+00:00"}
2026-09-24T10:25:52.717961+00:00 SG119-zero 391128
2026-09-24T10:25:52.731396+00:00 SG119-w2_plus_w1_squared 391129
2026-09-24T10:25:52.744447+00:00 SG120-zero 391130
2026-09-24T10:25:52.756980+00:00 SG120-w2_plus_w1_squared 391131
2026-09-24T10:25:52.769638+00:00 SG121-zero 391132
2026-09-24T10:25:52.782339+00:00 SG121-w2_plus_w1_squared 391133
2026-09-24T10:25:52.795123+00:00 SG122-zero 391134
{"certified_ko": false, "completed_e6": 125, "counts": {"PENDING": 143, "RUNNING": 4, "computed": 125, "not_submitted": 217}, "finite_comparison_counts": {"order_differs": 3, "order_matches_extensions_unresolved": 87}, "space_comparison_counts": {"layer_discrepancy": 14, "layers_match": 35, "not_computed": 181, "twist_not_tabulated": 230}, "total_tasks": 489, "updated_utc": "2026-09-24T10:25:53.083790+00:00"}
2026-09-24T10:26:53.289152+00:00 SG122-w2_plus_w1_squared 391135
2026-09-24T10:26:53.302275+00:00 SG123-zero 391136
2026-09-24T10:26:53.314961+00:00 SG123-w2_plus_w1_squared 391137
2026-09-24T10:26:53.328983+00:00 SG124-zero 391138
2026-09-24T10:26:53.341701+00:00 SG124-w2_plus_w1_squared 391139
{"certified_ko": false, "completed_e6": 130, "counts": {"PENDING": 143, "RUNNING": 4, "computed": 130, "not_submitted": 212}, "finite_comparison_counts": {"order_differs": 3, "order_matches_extensions_unresolved": 87}, "space_comparison_counts": {"layer_discrepancy": 14, "layers_match": 37, "not_computed": 179, "twist_not_tabulated": 230}, "total_tasks": 489, "updated_utc": "2026-09-24T10:26:53.612052+00:00"}
2026-09-24T10:27:53.816547+00:00 SG125-zero 391140
2026-09-24T10:27:53.829374+00:00 SG125-w2_plus_w1_squared 391141
2026-09-24T10:27:53.842192+00:00 SG126-zero 391142
2026-09-24T10:27:53.855019+00:00 SG126-w2_plus_w1_squared 391143
{"certified_ko": false, "completed_e6": 134, "counts": {"PENDING": 143, "RUNNING": 4, "computed": 134, "not_submitted": 208}, "finite_comparison_counts": {"order_differs": 3, "order_matches_extensions_unresolved": 87}, "space_comparison_counts": {"layer_discrepancy": 14, "layers_match": 39, "not_computed": 177, "twist_not_tabulated": 230}, "total_tasks": 489, "updated_utc": "2026-09-24T10:27:54.115817+00:00"}
2026-09-24T10:28:54.321721+00:00 SG127-zero 391144
2026-09-24T10:28:54.334409+00:00 SG127-w2_plus_w1_squared 391145
2026-09-24T10:28:54.346970+00:00 SG128-zero 391146
2026-09-24T10:28:54.359728+00:00 SG128-w2_plus_w1_squared 391147
2026-09-24T10:28:54.372901+00:00 SG129-zero 391148
2026-09-24T10:28:54.385699+00:00 SG129-w2_plus_w1_squared 391149
2026-09-24T10:28:54.398229+00:00 SG130-zero 391150
2026-09-24T10:28:54.410951+00:00 SG130-w2_plus_w1_squared 391151
{"certified_ko": false, "completed_e6": 143, "counts": {"PENDING": 143, "RUNNING": 3, "computed": 143, "not_submitted": 200}, "finite_comparison_counts": {"order_differs": 3, "order_matches_extensions_unresolved": 87}, "space_comparison_counts": {"layer_discrepancy": 14, "layers_match": 44, "not_computed": 172, "twist_not_tabulated": 230}, "total_tasks": 489, "updated_utc": "2026-09-24T10:28:54.714508+00:00"}
2026-09-24T10:29:54.920668+00:00 SG131-zero 391152
2026-09-24T10:29:54.933326+00:00 SG131-w2_plus_w1_squared 391153
2026-09-24T10:29:54.945804+00:00 SG132-zero 391154
2026-09-24T10:29:54.959375+00:00 SG132-w2_plus_w1_squared 391155
2026-09-24T10:29:54.972344+00:00 SG133-zero 391156
2026-09-24T10:29:54.984891+00:00 SG133-w2_plus_w1_squared 391157
2026-09-24T10:29:54.997430+00:00 SG134-zero 391158
2026-09-24T10:29:55.011657+00:00 SG134-w2_plus_w1_squared 391159
2026-09-24T10:29:55.024049+00:00 SG135-zero 391160
2026-09-24T10:29:55.037156+00:00 SG135-w2_plus_w1_squared 391161
2026-09-24T10:29:55.049775+00:00 SG136-zero 391162
2026-09-24T10:29:55.063421+00:00 SG136-w2_plus_w1_squared 391163
{"certified_ko": false, "completed_e6": 154, "counts": {"PENDING": 143, "RUNNING": 4, "computed": 154, "not_submitted": 188}, "finite_comparison_counts": {"order_differs": 3, "order_matches_extensions_unresolved": 87}, "space_comparison_counts": {"layer_discrepancy": 14, "layers_match": 49, "not_computed": 167, "twist_not_tabulated": 230}, "total_tasks": 489, "updated_utc": "2026-09-24T10:29:55.386679+00:00"}
2026-09-24T10:30:55.595533+00:00 SG137-zero 391164
2026-09-24T10:30:55.608865+00:00 SG137-w2_plus_w1_squared 391165
2026-09-24T10:30:55.621660+00:00 SG138-zero 391166
2026-09-24T10:30:55.634624+00:00 SG138-w2_plus_w1_squared 391167
2026-09-24T10:30:55.647121+00:00 SG139-zero 391168
2026-09-24T10:30:55.660185+00:00 SG139-w2_plus_w1_squared 391169
2026-09-24T10:30:55.672988+00:00 SG140-zero 391170
{"certified_ko": false, "completed_e6": 161, "counts": {"PENDING": 143, "RUNNING": 4, "computed": 161, "not_submitted": 181}, "finite_comparison_counts": {"order_differs": 3, "order_matches_extensions_unresolved": 87}, "space_comparison_counts": {"layer_discrepancy": 14, "layers_match": 53, "not_computed": 163, "twist_not_tabulated": 230}, "total_tasks": 489, "updated_utc": "2026-09-24T10:30:55.977189+00:00"}
2026-09-24T10:31:56.187971+00:00 SG140-w2_plus_w1_squared 391171
2026-09-24T10:31:56.201421+00:00 SG141-zero 391172
2026-09-24T10:31:56.214656+00:00 SG141-w2_plus_w1_squared 391173
2026-09-24T10:31:56.227462+00:00 SG142-zero 391174
2026-09-24T10:31:56.240301+00:00 SG142-w2_plus_w1_squared 391175
2026-09-24T10:31:56.253396+00:00 SG143-zero 391176
{"certified_ko": false, "completed_e6": 167, "counts": {"PENDING": 143, "RUNNING": 4, "computed": 167, "not_submitted": 175}, "finite_comparison_counts": {"order_differs": 3, "order_matches_extensions_unresolved": 87}, "space_comparison_counts": {"layer_discrepancy": 14, "layers_match": 55, "not_computed": 161, "twist_not_tabulated": 230}, "total_tasks": 489, "updated_utc": "2026-09-24T10:31:56.543799+00:00"}
2026-09-24T10:32:56.751175+00:00 SG143-w2_plus_w1_squared 391177
2026-09-24T10:32:56.764321+00:00 SG144-zero 391178
2026-09-24T10:32:56.777251+00:00 SG144-w2_plus_w1_squared 391179
2026-09-24T10:32:56.789867+00:00 SG145-zero 391180
2026-09-24T10:32:56.802915+00:00 SG145-w2_plus_w1_squared 391181
2026-09-24T10:32:56.815815+00:00 SG146-zero 391182
2026-09-24T10:32:56.828341+00:00 SG146-w2_plus_w1_squared 391183
{"certified_ko": false, "completed_e6": 174, "counts": {"PENDING": 143, "RUNNING": 4, "computed": 174, "not_submitted": 168}, "finite_comparison_counts": {"order_differs": 3, "order_matches_extensions_unresolved": 87}, "space_comparison_counts": {"layer_discrepancy": 14, "layers_match": 59, "not_computed": 157, "twist_not_tabulated": 230}, "total_tasks": 489, "updated_utc": "2026-09-24T10:32:57.135067+00:00"}
2026-09-24T10:33:57.346522+00:00 SG147-zero 391184
2026-09-24T10:33:57.359770+00:00 SG147-w2_plus_w1_squared 391185
2026-09-24T10:33:57.372663+00:00 SG148-zero 391186
2026-09-24T10:33:57.385122+00:00 SG148-w2_plus_w1_squared 391187
2026-09-24T10:33:57.397925+00:00 SG149-zero 391188
2026-09-24T10:33:57.410559+00:00 SG149-w2_plus_w1_squared 391189
2026-09-24T10:33:57.423289+00:00 SG150-zero 391190
2026-09-24T10:33:57.436090+00:00 SG150-w2_plus_w1_squared 391191
2026-09-24T10:33:57.448817+00:00 SG151-zero 391192
2026-09-24T10:33:57.461397+00:00 SG151-w2_plus_w1_squared 391193
{"certified_ko": false, "completed_e6": 184, "counts": {"PENDING": 143, "RUNNING": 4, "computed": 184, "not_submitted": 158}, "finite_comparison_counts": {"order_differs": 3, "order_matches_extensions_unresolved": 87}, "space_comparison_counts": {"layer_discrepancy": 15, "layers_match": 64, "not_computed": 151, "twist_not_tabulated": 230}, "total_tasks": 489, "updated_utc": "2026-09-24T10:33:57.786103+00:00"}
2026-09-24T10:34:58.001442+00:00 SG152-zero 391194
2026-09-24T10:34:58.014826+00:00 SG152-w2_plus_w1_squared 391195
2026-09-24T10:34:58.027540+00:00 SG153-zero 391196
2026-09-24T10:34:58.040313+00:00 SG153-w2_plus_w1_squared 391197
2026-09-24T10:34:58.052736+00:00 SG154-zero 391198
2026-09-24T10:34:58.065105+00:00 SG154-w2_plus_w1_squared 391199
2026-09-24T10:34:58.077995+00:00 SG155-zero 391200
{"certified_ko": false, "completed_e6": 191, "counts": {"PENDING": 143, "RUNNING": 4, "computed": 191, "not_submitted": 151}, "finite_comparison_counts": {"order_differs": 3, "order_matches_extensions_unresolved": 87}, "space_comparison_counts": {"layer_discrepancy": 15, "layers_match": 67, "not_computed": 148, "twist_not_tabulated": 230}, "total_tasks": 489, "updated_utc": "2026-09-24T10:34:58.387568+00:00"}
2026-09-24T10:35:58.599330+00:00 SG155-w2_plus_w1_squared 391201
2026-09-24T10:35:58.612787+00:00 SG156-zero 391202
{"certified_ko": false, "completed_e6": 193, "counts": {"PENDING": 143, "RUNNING": 4, "computed": 193, "not_submitted": 149}, "finite_comparison_counts": {"order_differs": 3, "order_matches_extensions_unresolved": 87}, "space_comparison_counts": {"layer_discrepancy": 15, "layers_match": 67, "not_computed": 148, "twist_not_tabulated": 230}, "total_tasks": 489, "updated_utc": "2026-09-24T10:35:58.897917+00:00"}
2026-09-24T10:36:59.110441+00:00 SG156-w2_plus_w1_squared 391203
2026-09-24T10:36:59.123550+00:00 SG157-zero 391204
2026-09-24T10:36:59.136365+00:00 SG157-w2_plus_w1_squared 391205
2026-09-24T10:36:59.149214+00:00 SG158-zero 391206
{"certified_ko": false, "completed_e6": 197, "counts": {"PENDING": 143, "RUNNING": 4, "computed": 197, "not_submitted": 145}, "finite_comparison_counts": {"order_differs": 3, "order_matches_extensions_unresolved": 87}, "space_comparison_counts": {"layer_discrepancy": 15, "layers_match": 71, "not_computed": 144, "twist_not_tabulated": 230}, "total_tasks": 489, "updated_utc": "2026-09-24T10:36:59.440314+00:00"}
2026-09-24T10:37:59.654152+00:00 SG158-w2_plus_w1_squared 391207
2026-09-24T10:37:59.667261+00:00 SG159-zero 391208
2026-09-24T10:37:59.681420+00:00 SG159-w2_plus_w1_squared 391209
2026-09-24T10:37:59.695012+00:00 SG160-zero 391210
2026-09-24T10:37:59.708316+00:00 SG160-w2_plus_w1_squared 391211
{"certified_ko": false, "completed_e6": 202, "counts": {"PENDING": 144, "RUNNING": 3, "computed": 202, "not_submitted": 140}, "finite_comparison_counts": {"order_differs": 3, "order_matches_extensions_unresolved": 87}, "space_comparison_counts": {"layer_discrepancy": 15, "layers_match": 73, "not_computed": 142, "twist_not_tabulated": 230}, "total_tasks": 489, "updated_utc": "2026-09-24T10:38:00.005611+00:00"}
2026-09-24T10:39:00.221104+00:00 SG161-zero 391212
2026-09-24T10:39:00.233728+00:00 SG161-w2_plus_w1_squared 391213
2026-09-24T10:39:00.246196+00:00 SG162-zero 391214
2026-09-24T10:39:00.258772+00:00 SG162-w2_plus_w1_squared 391215
2026-09-24T10:39:00.271290+00:00 SG163-zero 391216
2026-09-24T10:39:00.283779+00:00 SG163-w2_plus_w1_squared 391217
{"certified_ko": false, "completed_e6": 208, "counts": {"PENDING": 143, "RUNNING": 4, "computed": 208, "not_submitted": 134}, "finite_comparison_counts": {"order_differs": 3, "order_matches_extensions_unresolved": 87}, "space_comparison_counts": {"layer_discrepancy": 15, "layers_match": 76, "not_computed": 139, "twist_not_tabulated": 230}, "total_tasks": 489, "updated_utc": "2026-09-24T10:39:00.592484+00:00"}
2026-09-24T10:40:00.806424+00:00 SG164-zero 391218
2026-09-24T10:40:00.820022+00:00 SG164-w2_plus_w1_squared 391219
2026-09-24T10:40:00.832913+00:00 SG165-zero 391220
2026-09-24T10:40:00.845364+00:00 SG165-w2_plus_w1_squared 391221
2026-09-24T10:40:00.858121+00:00 SG166-zero 391222
2026-09-24T10:40:00.870761+00:00 SG166-w2_plus_w1_squared 391223
2026-09-24T10:40:00.883544+00:00 SG167-zero 391224
2026-09-24T10:40:00.896584+00:00 SG167-w2_plus_w1_squared 391225
{"certified_ko": false, "completed_e6": 216, "counts": {"PENDING": 143, "RUNNING": 4, "computed": 216, "not_submitted": 126}, "finite_comparison_counts": {"order_differs": 3, "order_matches_extensions_unresolved": 87}, "space_comparison_counts": {"layer_discrepancy": 15, "layers_match": 80, "not_computed": 135, "twist_not_tabulated": 230}, "total_tasks": 489, "updated_utc": "2026-09-24T10:40:01.229421+00:00"}
2026-09-24T10:41:01.442660+00:00 SG168-zero 391226
2026-09-24T10:41:01.455145+00:00 SG168-w2_plus_w1_squared 391227
2026-09-24T10:41:01.467452+00:00 SG169-zero 391228
2026-09-24T10:41:01.480163+00:00 SG169-w2_plus_w1_squared 391229
2026-09-24T10:41:01.492525+00:00 SG170-zero 391230
2026-09-24T10:41:01.505133+00:00 SG170-w2_plus_w1_squared 391231
{"certified_ko": false, "completed_e6": 222, "counts": {"PENDING": 143, "RUNNING": 4, "computed": 222, "not_submitted": 120}, "finite_comparison_counts": {"order_differs": 3, "order_matches_extensions_unresolved": 87}, "space_comparison_counts": {"layer_discrepancy": 15, "layers_match": 83, "not_computed": 132, "twist_not_tabulated": 230}, "total_tasks": 489, "updated_utc": "2026-09-24T10:41:01.826404+00:00"}
2026-09-24T10:42:02.041362+00:00 SG171-zero 391232
2026-09-24T10:42:02.054657+00:00 SG171-w2_plus_w1_squared 391233
2026-09-24T10:42:02.067589+00:00 SG172-zero 391234
2026-09-24T10:42:02.080295+00:00 SG172-w2_plus_w1_squared 391235
2026-09-24T10:42:02.092830+00:00 SG173-zero 391236
2026-09-24T10:42:02.105325+00:00 SG173-w2_plus_w1_squared 391237
2026-09-24T10:42:02.117956+00:00 SG174-zero 391238
2026-09-24T10:42:02.130645+00:00 SG174-w2_plus_w1_squared 391239
{"certified_ko": false, "completed_e6": 230, "counts": {"PENDING": 143, "RUNNING": 4, "computed": 230, "not_submitted": 112}, "finite_comparison_counts": {"order_differs": 3, "order_matches_extensions_unresolved": 87}, "space_comparison_counts": {"layer_discrepancy": 15, "layers_match": 87, "not_computed": 128, "twist_not_tabulated": 230}, "total_tasks": 489, "updated_utc": "2026-09-24T10:42:02.473068+00:00"}
2026-09-24T10:43:02.688855+00:00 SG175-zero 391240
2026-09-24T10:43:02.702366+00:00 SG175-w2_plus_w1_squared 391241
2026-09-24T10:43:02.715429+00:00 SG176-zero 391242
2026-09-24T10:43:02.728040+00:00 SG176-w2_plus_w1_squared 391243
2026-09-24T10:43:02.740506+00:00 SG177-zero 391244
2026-09-24T10:43:02.753017+00:00 SG177-w2_plus_w1_squared 391245
{"certified_ko": false, "completed_e6": 236, "counts": {"PENDING": 143, "RUNNING": 4, "computed": 236, "not_submitted": 106}, "finite_comparison_counts": {"order_differs": 3, "order_matches_extensions_unresolved": 87}, "space_comparison_counts": {"layer_discrepancy": 17, "layers_match": 88, "not_computed": 125, "twist_not_tabulated": 230}, "total_tasks": 489, "updated_utc": "2026-09-24T10:43:03.083829+00:00"}
2026-09-24T10:44:03.303947+00:00 SG178-zero 391246
2026-09-24T10:44:03.317134+00:00 SG178-w2_plus_w1_squared 391247
2026-09-24T10:44:03.329926+00:00 SG179-zero 391248
2026-09-24T10:44:03.342478+00:00 SG179-w2_plus_w1_squared 391249
{"certified_ko": false, "completed_e6": 240, "counts": {"PENDING": 143, "RUNNING": 4, "computed": 240, "not_submitted": 102}, "finite_comparison_counts": {"order_differs": 3, "order_matches_extensions_unresolved": 87}, "space_comparison_counts": {"layer_discrepancy": 18, "layers_match": 89, "not_computed": 123, "twist_not_tabulated": 230}, "total_tasks": 489, "updated_utc": "2026-09-24T10:44:03.650899+00:00"}
2026-09-24T10:45:03.871598+00:00 SG180-zero 391250
2026-09-24T10:45:03.884664+00:00 SG180-w2_plus_w1_squared 391251
2026-09-24T10:45:03.897561+00:00 SG181-zero 391252
2026-09-24T10:45:03.910268+00:00 SG181-w2_plus_w1_squared 391253
2026-09-24T10:45:03.923133+00:00 SG182-zero 391254
{"certified_ko": false, "completed_e6": 245, "counts": {"PENDING": 143, "RUNNING": 4, "computed": 245, "not_submitted": 97}, "finite_comparison_counts": {"order_differs": 3, "order_matches_extensions_unresolved": 87}, "space_comparison_counts": {"layer_discrepancy": 19, "layers_match": 91, "not_computed": 120, "twist_not_tabulated": 230}, "total_tasks": 489, "updated_utc": "2026-09-24T10:45:04.253858+00:00"}
2026-09-24T10:46:04.471711+00:00 SG182-w2_plus_w1_squared 391255
2026-09-24T10:46:04.484917+00:00 SG183-zero 391256
{"certified_ko": false, "completed_e6": 247, "counts": {"PENDING": 143, "RUNNING": 4, "computed": 247, "not_submitted": 95}, "finite_comparison_counts": {"order_differs": 3, "order_matches_extensions_unresolved": 87}, "space_comparison_counts": {"layer_discrepancy": 19, "layers_match": 91, "not_computed": 120, "twist_not_tabulated": 230}, "total_tasks": 489, "updated_utc": "2026-09-24T10:46:04.794990+00:00"}
2026-09-24T10:47:05.012548+00:00 SG183-w2_plus_w1_squared 391257
2026-09-24T10:47:05.025642+00:00 SG184-zero 391258
2026-09-24T10:47:05.038197+00:00 SG184-w2_plus_w1_squared 391259
{"certified_ko": false, "completed_e6": 250, "counts": {"PENDING": 143, "RUNNING": 4, "computed": 250, "not_submitted": 92}, "finite_comparison_counts": {"order_differs": 3, "order_matches_extensions_unresolved": 87}, "space_comparison_counts": {"layer_discrepancy": 20, "layers_match": 92, "not_computed": 118, "twist_not_tabulated": 230}, "total_tasks": 489, "updated_utc": "2026-09-24T10:47:05.347938+00:00"}
2026-09-24T10:48:05.568390+00:00 SG185-zero 391260
2026-09-24T10:48:05.581469+00:00 SG185-w2_plus_w1_squared 391261
2026-09-24T10:48:05.594156+00:00 SG186-zero 391262
2026-09-24T10:48:05.606362+00:00 SG186-w2_plus_w1_squared 391263
2026-09-24T10:48:05.619233+00:00 SG187-zero 391264
2026-09-24T10:48:05.631790+00:00 SG187-w2_plus_w1_squared 391265
{"certified_ko": false, "completed_e6": 256, "counts": {"PENDING": 143, "RUNNING": 4, "computed": 256, "not_submitted": 86}, "finite_comparison_counts": {"order_differs": 3, "order_matches_extensions_unresolved": 87}, "space_comparison_counts": {"layer_discrepancy": 21, "layers_match": 93, "not_computed": 116, "twist_not_tabulated": 230}, "total_tasks": 489, "updated_utc": "2026-09-24T10:48:05.968016+00:00"}
2026-09-24T10:49:06.191793+00:00 SG188-zero 391266
2026-09-24T10:49:06.204957+00:00 SG188-w2_plus_w1_squared 391267
2026-09-24T10:49:06.217642+00:00 SG189-zero 391268
2026-09-24T10:49:06.230219+00:00 SG189-w2_plus_w1_squared 391269
2026-09-24T10:49:06.242923+00:00 SG190-zero 391270
{"certified_ko": false, "completed_e6": 261, "counts": {"PENDING": 143, "RUNNING": 4, "computed": 261, "not_submitted": 81}, "finite_comparison_counts": {"order_differs": 3, "order_matches_extensions_unresolved": 87}, "space_comparison_counts": {"layer_discrepancy": 23, "layers_match": 94, "not_computed": 113, "twist_not_tabulated": 230}, "total_tasks": 489, "updated_utc": "2026-09-24T10:49:06.571453+00:00"}
2026-09-24T10:50:06.792545+00:00 SG190-w2_plus_w1_squared 391271
2026-09-24T10:50:06.805628+00:00 SG191-zero 391272
2026-09-24T10:50:06.818347+00:00 SG191-w2_plus_w1_squared 391273
{"certified_ko": false, "completed_e6": 264, "counts": {"PENDING": 143, "RUNNING": 4, "computed": 264, "not_submitted": 78}, "finite_comparison_counts": {"order_differs": 3, "order_matches_extensions_unresolved": 87}, "space_comparison_counts": {"layer_discrepancy": 24, "layers_match": 95, "not_computed": 111, "twist_not_tabulated": 230}, "total_tasks": 489, "updated_utc": "2026-09-24T10:50:07.141156+00:00"}
2026-09-24T10:51:07.362230+00:00 SG192-zero 391274
{"certified_ko": false, "completed_e6": 265, "counts": {"PENDING": 143, "RUNNING": 4, "computed": 265, "not_submitted": 77}, "finite_comparison_counts": {"order_differs": 3, "order_matches_extensions_unresolved": 87}, "space_comparison_counts": {"layer_discrepancy": 25, "layers_match": 95, "not_computed": 110, "twist_not_tabulated": 230}, "total_tasks": 489, "updated_utc": "2026-09-24T10:51:07.678625+00:00"}
2026-09-24T10:52:07.901623+00:00 SG192-w2_plus_w1_squared 391275
2026-09-24T10:52:07.914890+00:00 SG193-zero 391276
{"certified_ko": false, "completed_e6": 267, "counts": {"PENDING": 143, "RUNNING": 4, "computed": 267, "not_submitted": 75}, "finite_comparison_counts": {"order_differs": 3, "order_matches_extensions_unresolved": 87}, "space_comparison_counts": {"layer_discrepancy": 25, "layers_match": 96, "not_computed": 109, "twist_not_tabulated": 230}, "total_tasks": 489, "updated_utc": "2026-09-24T10:52:08.232191+00:00"}
2026-09-24T10:53:08.453098+00:00 SG193-w2_plus_w1_squared 391277
2026-09-24T10:53:08.466264+00:00 SG194-zero 391278
2026-09-24T10:53:08.479325+00:00 SG194-w2_plus_w1_squared 391279
{"certified_ko": false, "completed_e6": 270, "counts": {"PENDING": 143, "RUNNING": 4, "computed": 270, "not_submitted": 72}, "finite_comparison_counts": {"order_differs": 3, "order_matches_extensions_unresolved": 87}, "space_comparison_counts": {"layer_discrepancy": 26, "layers_match": 96, "not_computed": 108, "twist_not_tabulated": 230}, "total_tasks": 489, "updated_utc": "2026-09-24T10:53:08.807369+00:00"}
2026-09-24T10:54:09.032625+00:00 SG195-zero 391280
2026-09-24T10:54:09.045929+00:00 SG195-w2_plus_w1_squared 391281
{"certified_ko": false, "completed_e6": 272, "counts": {"PENDING": 143, "RUNNING": 4, "computed": 272, "not_submitted": 70}, "finite_comparison_counts": {"order_differs": 3, "order_matches_extensions_unresolved": 87}, "space_comparison_counts": {"layer_discrepancy": 26, "layers_match": 96, "not_computed": 108, "twist_not_tabulated": 230}, "total_tasks": 489, "updated_utc": "2026-09-24T10:54:09.367520+00:00"}
2026-09-24T10:55:09.592047+00:00 SG196-zero 391282
2026-09-24T10:55:09.605321+00:00 SG196-w2_plus_w1_squared 391283
{"certified_ko": false, "completed_e6": 274, "counts": {"PENDING": 143, "RUNNING": 4, "computed": 274, "not_submitted": 68}, "finite_comparison_counts": {"order_differs": 3, "order_matches_extensions_unresolved": 87}, "space_comparison_counts": {"layer_discrepancy": 26, "layers_match": 98, "not_computed": 106, "twist_not_tabulated": 230}, "total_tasks": 489, "updated_utc": "2026-09-24T10:55:09.931364+00:00"}
2026-09-24T10:56:10.155372+00:00 SG197-zero 391284
2026-09-24T10:56:10.169373+00:00 SG197-w2_plus_w1_squared 391285
2026-09-24T10:56:10.182093+00:00 SG198-zero 391286
{"certified_ko": false, "completed_e6": 277, "counts": {"PENDING": 143, "RUNNING": 4, "computed": 277, "not_submitted": 65}, "finite_comparison_counts": {"order_differs": 3, "order_matches_extensions_unresolved": 87}, "space_comparison_counts": {"layer_discrepancy": 26, "layers_match": 100, "not_computed": 104, "twist_not_tabulated": 230}, "total_tasks": 489, "updated_utc": "2026-09-24T10:56:10.511062+00:00"}
2026-09-24T10:57:10.736565+00:00 SG198-w2_plus_w1_squared 391287
{"certified_ko": false, "completed_e6": 278, "counts": {"PENDING": 143, "RUNNING": 4, "computed": 278, "not_submitted": 64}, "finite_comparison_counts": {"order_differs": 3, "order_matches_extensions_unresolved": 87}, "space_comparison_counts": {"layer_discrepancy": 26, "layers_match": 100, "not_computed": 104, "twist_not_tabulated": 230}, "total_tasks": 489, "updated_utc": "2026-09-24T10:57:11.063378+00:00"}
2026-09-24T10:58:11.287325+00:00 SG199-zero 391288
2026-09-24T10:58:11.300654+00:00 SG199-w2_plus_w1_squared 391289
2026-09-24T10:58:11.313570+00:00 SG200-zero 391290
2026-09-24T10:58:11.326332+00:00 SG200-w2_plus_w1_squared 391291
{"certified_ko": false, "completed_e6": 282, "counts": {"PENDING": 144, "RUNNING": 3, "computed": 282, "not_submitted": 60}, "finite_comparison_counts": {"order_differs": 3, "order_matches_extensions_unresolved": 87}, "space_comparison_counts": {"layer_discrepancy": 26, "layers_match": 102, "not_computed": 102, "twist_not_tabulated": 230}, "total_tasks": 489, "updated_utc": "2026-09-24T10:58:11.661861+00:00"}
2026-09-24T10:59:11.889943+00:00 SG201-zero 391292
2026-09-24T10:59:11.903222+00:00 SG201-w2_plus_w1_squared 391293
2026-09-24T10:59:11.916494+00:00 SG202-zero 391294
{"certified_ko": false, "completed_e6": 285, "counts": {"PENDING": 143, "RUNNING": 4, "computed": 285, "not_submitted": 57}, "finite_comparison_counts": {"order_differs": 3, "order_matches_extensions_unresolved": 87}, "space_comparison_counts": {"layer_discrepancy": 26, "layers_match": 103, "not_computed": 101, "twist_not_tabulated": 230}, "total_tasks": 489, "updated_utc": "2026-09-24T10:59:12.251733+00:00"}
2026-09-24T11:00:12.476940+00:00 SG202-w2_plus_w1_squared 391295
2026-09-24T11:00:12.490243+00:00 SG203-zero 391296
{"certified_ko": false, "completed_e6": 287, "counts": {"PENDING": 143, "RUNNING": 4, "computed": 287, "not_submitted": 55}, "finite_comparison_counts": {"order_differs": 3, "order_matches_extensions_unresolved": 87}, "space_comparison_counts": {"layer_discrepancy": 26, "layers_match": 104, "not_computed": 100, "twist_not_tabulated": 230}, "total_tasks": 489, "updated_utc": "2026-09-24T11:00:12.827977+00:00"}
2026-09-24T11:01:13.054540+00:00 SG203-w2_plus_w1_squared 391297
2026-09-24T11:01:13.068202+00:00 SG204-zero 391298
2026-09-24T11:01:13.081265+00:00 SG204-w2_plus_w1_squared 391299
{"certified_ko": false, "completed_e6": 290, "counts": {"PENDING": 143, "RUNNING": 4, "computed": 290, "not_submitted": 52}, "finite_comparison_counts": {"order_differs": 3, "order_matches_extensions_unresolved": 87}, "space_comparison_counts": {"layer_discrepancy": 26, "layers_match": 105, "not_computed": 99, "twist_not_tabulated": 230}, "total_tasks": 489, "updated_utc": "2026-09-24T11:01:13.423624+00:00"}
2026-09-24T11:02:13.651103+00:00 SG205-zero 391300
2026-09-24T11:02:13.664465+00:00 SG205-w2_plus_w1_squared 391301
2026-09-24T11:02:13.677420+00:00 SG206-zero 391302
2026-09-24T11:02:13.690151+00:00 SG206-w2_plus_w1_squared 391303
2026-09-24T11:02:13.702936+00:00 SG207-zero 391304
2026-09-24T11:02:13.717193+00:00 SG207-w2_plus_w1_squared 391305
2026-09-24T11:02:13.730002+00:00 SG208-zero 391306
{"certified_ko": false, "completed_e6": 297, "counts": {"PENDING": 143, "RUNNING": 4, "computed": 297, "not_submitted": 45}, "finite_comparison_counts": {"order_differs": 3, "order_matches_extensions_unresolved": 87}, "space_comparison_counts": {"layer_discrepancy": 26, "layers_match": 109, "not_computed": 95, "twist_not_tabulated": 230}, "total_tasks": 489, "updated_utc": "2026-09-24T11:02:14.099523+00:00"}
2026-09-24T11:03:14.327598+00:00 SG208-w2_plus_w1_squared 391307
2026-09-24T11:03:14.340672+00:00 SG209-zero 391308
2026-09-24T11:03:14.353149+00:00 SG209-w2_plus_w1_squared 391309
2026-09-24T11:03:14.365852+00:00 SG210-zero 391310
2026-09-24T11:03:14.378577+00:00 SG210-w2_plus_w1_squared 391311
2026-09-24T11:03:14.391339+00:00 SG211-zero 391312
{"certified_ko": false, "completed_e6": 303, "counts": {"PENDING": 143, "RUNNING": 4, "computed": 303, "not_submitted": 39}, "finite_comparison_counts": {"order_differs": 3, "order_matches_extensions_unresolved": 87}, "space_comparison_counts": {"layer_discrepancy": 26, "layers_match": 112, "not_computed": 92, "twist_not_tabulated": 230}, "total_tasks": 489, "updated_utc": "2026-09-24T11:03:14.769587+00:00"}
2026-09-24T11:04:14.998286+00:00 SG211-w2_plus_w1_squared 391313
{"certified_ko": false, "completed_e6": 304, "counts": {"PENDING": 143, "RUNNING": 4, "computed": 304, "not_submitted": 38}, "finite_comparison_counts": {"order_differs": 3, "order_matches_extensions_unresolved": 87}, "space_comparison_counts": {"layer_discrepancy": 26, "layers_match": 113, "not_computed": 91, "twist_not_tabulated": 230}, "total_tasks": 489, "updated_utc": "2026-09-24T11:04:15.345923+00:00"}
2026-09-24T11:05:15.574506+00:00 SG212-zero 391314
2026-09-24T11:05:15.588241+00:00 SG212-w2_plus_w1_squared 391315
2026-09-24T11:05:15.601147+00:00 SG213-zero 391316
2026-09-24T11:05:15.613907+00:00 SG213-w2_plus_w1_squared 391317
{"certified_ko": false, "completed_e6": 308, "counts": {"PENDING": 143, "RUNNING": 4, "computed": 308, "not_submitted": 34}, "finite_comparison_counts": {"order_differs": 3, "order_matches_extensions_unresolved": 87}, "space_comparison_counts": {"layer_discrepancy": 26, "layers_match": 115, "not_computed": 89, "twist_not_tabulated": 230}, "total_tasks": 489, "updated_utc": "2026-09-24T11:05:15.968621+00:00"}
2026-09-24T11:06:16.201585+00:00 SG214-zero 391318
2026-09-24T11:06:16.215546+00:00 SG214-w2_plus_w1_squared 391319
2026-09-24T11:06:16.228522+00:00 SG215-zero 391320
2026-09-24T11:06:16.240769+00:00 SG215-w2_plus_w1_squared 391321
2026-09-24T11:06:16.253126+00:00 SG216-zero 391322
2026-09-24T11:06:16.266772+00:00 SG216-w2_plus_w1_squared 391323
2026-09-24T11:06:16.280036+00:00 SG217-zero 391324
2026-09-24T11:06:16.292730+00:00 SG217-w2_plus_w1_squared 391325
2026-09-24T11:06:16.305287+00:00 SG218-zero 391326
2026-09-24T11:06:16.318037+00:00 SG218-w2_plus_w1_squared 391327
{"certified_ko": false, "completed_e6": 318, "counts": {"PENDING": 143, "RUNNING": 4, "computed": 318, "not_submitted": 24}, "finite_comparison_counts": {"order_differs": 3, "order_matches_extensions_unresolved": 87}, "space_comparison_counts": {"layer_discrepancy": 26, "layers_match": 120, "not_computed": 84, "twist_not_tabulated": 230}, "total_tasks": 489, "updated_utc": "2026-09-24T11:06:16.724402+00:00"}
2026-09-24T11:07:16.956086+00:00 SG219-zero 391328
2026-09-24T11:07:16.969290+00:00 SG219-w2_plus_w1_squared 391329
2026-09-24T11:07:16.982029+00:00 SG220-zero 391330
2026-09-24T11:07:16.995320+00:00 SG220-w2_plus_w1_squared 391331
2026-09-24T11:07:17.009296+00:00 SG221-zero 391332
2026-09-24T11:07:17.022250+00:00 SG221-w2_plus_w1_squared 391333
2026-09-24T11:07:17.035414+00:00 SG222-zero 391334
2026-09-24T11:07:17.048274+00:00 SG222-w2_plus_w1_squared 391335
2026-09-24T11:07:17.061259+00:00 SG223-zero 391336
{"certified_ko": false, "completed_e6": 327, "counts": {"PENDING": 143, "RUNNING": 4, "computed": 327, "not_submitted": 15}, "finite_comparison_counts": {"order_differs": 3, "order_matches_extensions_unresolved": 87}, "space_comparison_counts": {"layer_discrepancy": 26, "layers_match": 124, "not_computed": 80, "twist_not_tabulated": 230}, "total_tasks": 489, "updated_utc": "2026-09-24T11:07:17.449994+00:00"}
2026-09-24T11:08:17.686132+00:00 SG223-w2_plus_w1_squared 391337
2026-09-24T11:08:17.699438+00:00 SG224-zero 391338
2026-09-24T11:08:17.712127+00:00 SG224-w2_plus_w1_squared 391339
2026-09-24T11:08:17.724735+00:00 SG225-zero 391340
2026-09-24T11:08:17.737245+00:00 SG225-w2_plus_w1_squared 391341
2026-09-24T11:08:17.750231+00:00 SG226-zero 391342
2026-09-24T11:08:17.763035+00:00 SG226-w2_plus_w1_squared 391343
2026-09-24T11:08:17.775789+00:00 SG227-zero 391344
2026-09-24T11:08:17.788368+00:00 SG227-w2_plus_w1_squared 391345
2026-09-24T11:08:17.800755+00:00 SG228-zero 391346
2026-09-24T11:08:17.813152+00:00 SG228-w2_plus_w1_squared 391347
2026-09-24T11:08:17.825710+00:00 SG229-zero 391348
{"certified_ko": false, "completed_e6": 339, "counts": {"PENDING": 143, "RUNNING": 4, "computed": 339, "not_submitted": 3}, "finite_comparison_counts": {"order_differs": 3, "order_matches_extensions_unresolved": 87}, "space_comparison_counts": {"layer_discrepancy": 26, "layers_match": 130, "not_computed": 74, "twist_not_tabulated": 230}, "total_tasks": 489, "updated_utc": "2026-09-24T11:08:18.239415+00:00"}
2026-09-24T11:09:18.476581+00:00 SG229-w2_plus_w1_squared 391349
2026-09-24T11:09:18.489875+00:00 SG230-zero 391350
2026-09-24T11:09:18.503175+00:00 SG230-w2_plus_w1_squared 391351
{"certified_ko": false, "completed_e6": 344, "counts": {"PENDING": 141, "RUNNING": 4, "computed": 344}, "finite_comparison_counts": {"order_differs": 3, "order_matches_extensions_unresolved": 87}, "space_comparison_counts": {"layer_discrepancy": 28, "layers_match": 131, "not_computed": 71, "twist_not_tabulated": 230}, "total_tasks": 489, "updated_utc": "2026-09-24T11:09:18.874397+00:00"}
{"certified_ko": false, "completed_e6": 345, "counts": {"PENDING": 140, "RUNNING": 4, "computed": 345}, "finite_comparison_counts": {"order_differs": 3, "order_matches_extensions_unresolved": 87}, "space_comparison_counts": {"layer_discrepancy": 28, "layers_match": 132, "not_computed": 70, "twist_not_tabulated": 230}, "total_tasks": 489, "updated_utc": "2026-09-24T11:10:19.453930+00:00"}
{"certified_ko": false, "completed_e6": 347, "counts": {"PENDING": 138, "RUNNING": 4, "computed": 347}, "finite_comparison_counts": {"order_differs": 3, "order_matches_extensions_unresolved": 87}, "space_comparison_counts": {"layer_discrepancy": 29, "layers_match": 132, "not_computed": 69, "twist_not_tabulated": 230}, "total_tasks": 489, "updated_utc": "2026-09-24T11:11:20.038246+00:00"}
{"certified_ko": false, "completed_e6": 349, "counts": {"PENDING": 136, "RUNNING": 4, "computed": 349}, "finite_comparison_counts": {"order_differs": 3, "order_matches_extensions_unresolved": 87}, "space_comparison_counts": {"layer_discrepancy": 29, "layers_match": 133, "not_computed": 68, "twist_not_tabulated": 230}, "total_tasks": 489, "updated_utc": "2026-09-24T11:12:20.620716+00:00"}
{"certified_ko": false, "completed_e6": 349, "counts": {"PENDING": 136, "RUNNING": 4, "computed": 349}, "finite_comparison_counts": {"order_differs": 3, "order_matches_extensions_unresolved": 87}, "space_comparison_counts": {"layer_discrepancy": 29, "layers_match": 133, "not_computed": 68, "twist_not_tabulated": 230}, "total_tasks": 489, "updated_utc": "2026-09-24T11:13:21.096091+00:00"}
{"certified_ko": false, "completed_e6": 351, "counts": {"PENDING": 134, "RUNNING": 4, "computed": 351}, "finite_comparison_counts": {"order_differs": 3, "order_matches_extensions_unresolved": 87}, "space_comparison_counts": {"layer_discrepancy": 29, "layers_match": 134, "not_computed": 67, "twist_not_tabulated": 230}, "total_tasks": 489, "updated_utc": "2026-09-24T11:14:21.676288+00:00"}
{"certified_ko": false, "completed_e6": 352, "counts": {"PENDING": 133, "RUNNING": 4, "computed": 352}, "finite_comparison_counts": {"order_differs": 3, "order_matches_extensions_unresolved": 87}, "space_comparison_counts": {"layer_discrepancy": 29, "layers_match": 134, "not_computed": 67, "twist_not_tabulated": 230}, "total_tasks": 489, "updated_utc": "2026-09-24T11:15:22.255081+00:00"}
{"certified_ko": false, "completed_e6": 353, "counts": {"PENDING": 132, "RUNNING": 4, "computed": 353}, "finite_comparison_counts": {"order_differs": 3, "order_matches_extensions_unresolved": 87}, "space_comparison_counts": {"layer_discrepancy": 29, "layers_match": 135, "not_computed": 66, "twist_not_tabulated": 230}, "total_tasks": 489, "updated_utc": "2026-09-24T11:16:22.837349+00:00"}
{"certified_ko": false, "completed_e6": 353, "counts": {"PENDING": 132, "RUNNING": 4, "computed": 353}, "finite_comparison_counts": {"order_differs": 3, "order_matches_extensions_unresolved": 87}, "space_comparison_counts": {"layer_discrepancy": 29, "layers_match": 135, "not_computed": 66, "twist_not_tabulated": 230}, "total_tasks": 489, "updated_utc": "2026-09-24T11:17:23.316277+00:00"}
{"certified_ko": false, "completed_e6": 353, "counts": {"PENDING": 132, "RUNNING": 4, "computed": 353}, "finite_comparison_counts": {"order_differs": 3, "order_matches_extensions_unresolved": 87}, "space_comparison_counts": {"layer_discrepancy": 29, "layers_match": 135, "not_computed": 66, "twist_not_tabulated": 230}, "total_tasks": 489, "updated_utc": "2026-09-24T11:18:23.794197+00:00"}
{"certified_ko": false, "completed_e6": 353, "counts": {"PENDING": 132, "RUNNING": 4, "computed": 353}, "finite_comparison_counts": {"order_differs": 3, "order_matches_extensions_unresolved": 87}, "space_comparison_counts": {"layer_discrepancy": 29, "layers_match": 135, "not_computed": 66, "twist_not_tabulated": 230}, "total_tasks": 489, "updated_utc": "2026-09-24T11:19:24.263644+00:00"}
{"certified_ko": false, "completed_e6": 356, "counts": {"PENDING": 129, "RUNNING": 4, "computed": 356}, "finite_comparison_counts": {"order_differs": 3, "order_matches_extensions_unresolved": 87}, "space_comparison_counts": {"layer_discrepancy": 29, "layers_match": 136, "not_computed": 65, "twist_not_tabulated": 230}, "total_tasks": 489, "updated_utc": "2026-09-24T11:20:24.846893+00:00"}
{"certified_ko": false, "completed_e6": 357, "counts": {"PENDING": 128, "RUNNING": 4, "computed": 357}, "finite_comparison_counts": {"order_differs": 3, "order_matches_extensions_unresolved": 87}, "space_comparison_counts": {"layer_discrepancy": 29, "layers_match": 137, "not_computed": 64, "twist_not_tabulated": 230}, "total_tasks": 489, "updated_utc": "2026-09-24T11:21:25.431593+00:00"}
{"certified_ko": false, "completed_e6": 359, "counts": {"PENDING": 126, "RUNNING": 4, "computed": 359}, "finite_comparison_counts": {"order_differs": 3, "order_matches_extensions_unresolved": 87}, "space_comparison_counts": {"layer_discrepancy": 29, "layers_match": 138, "not_computed": 63, "twist_not_tabulated": 230}, "total_tasks": 489, "updated_utc": "2026-09-24T11:22:26.026135+00:00"}
{"certified_ko": false, "completed_e6": 362, "counts": {"PENDING": 123, "RUNNING": 4, "computed": 362}, "finite_comparison_counts": {"order_differs": 3, "order_matches_extensions_unresolved": 87}, "space_comparison_counts": {"layer_discrepancy": 29, "layers_match": 139, "not_computed": 62, "twist_not_tabulated": 230}, "total_tasks": 489, "updated_utc": "2026-09-24T11:23:26.608797+00:00"}
{"certified_ko": false, "completed_e6": 370, "counts": {"PENDING": 116, "RUNNING": 3, "computed": 370}, "finite_comparison_counts": {"order_differs": 3, "order_matches_extensions_unresolved": 87}, "space_comparison_counts": {"layer_discrepancy": 29, "layers_match": 143, "not_computed": 58, "twist_not_tabulated": 230}, "total_tasks": 489, "updated_utc": "2026-09-24T11:24:27.213815+00:00"}
{"certified_ko": false, "completed_e6": 375, "counts": {"PENDING": 110, "RUNNING": 4, "computed": 375}, "finite_comparison_counts": {"order_differs": 3, "order_matches_extensions_unresolved": 87}, "space_comparison_counts": {"layer_discrepancy": 29, "layers_match": 145, "not_computed": 56, "twist_not_tabulated": 230}, "total_tasks": 489, "updated_utc": "2026-09-24T11:25:27.812918+00:00"}
{"certified_ko": false, "completed_e6": 375, "counts": {"PENDING": 110, "RUNNING": 4, "computed": 375}, "finite_comparison_counts": {"order_differs": 3, "order_matches_extensions_unresolved": 87}, "space_comparison_counts": {"layer_discrepancy": 29, "layers_match": 145, "not_computed": 56, "twist_not_tabulated": 230}, "total_tasks": 489, "updated_utc": "2026-09-24T11:26:28.299111+00:00"}
{"certified_ko": false, "completed_e6": 375, "counts": {"PENDING": 110, "RUNNING": 4, "computed": 375}, "finite_comparison_counts": {"order_differs": 3, "order_matches_extensions_unresolved": 87}, "space_comparison_counts": {"layer_discrepancy": 29, "layers_match": 145, "not_computed": 56, "twist_not_tabulated": 230}, "total_tasks": 489, "updated_utc": "2026-09-24T11:27:28.780361+00:00"}
{"certified_ko": false, "completed_e6": 375, "counts": {"PENDING": 110, "RUNNING": 4, "computed": 375}, "finite_comparison_counts": {"order_differs": 3, "order_matches_extensions_unresolved": 87}, "space_comparison_counts": {"layer_discrepancy": 29, "layers_match": 145, "not_computed": 56, "twist_not_tabulated": 230}, "total_tasks": 489, "updated_utc": "2026-09-24T11:28:29.263187+00:00"}
{"certified_ko": false, "completed_e6": 375, "counts": {"PENDING": 110, "RUNNING": 4, "computed": 375}, "finite_comparison_counts": {"order_differs": 3, "order_matches_extensions_unresolved": 87}, "space_comparison_counts": {"layer_discrepancy": 29, "layers_match": 145, "not_computed": 56, "twist_not_tabulated": 230}, "total_tasks": 489, "updated_utc": "2026-09-24T11:29:29.747100+00:00"}
{"certified_ko": false, "completed_e6": 375, "counts": {"PENDING": 110, "RUNNING": 4, "computed": 375}, "finite_comparison_counts": {"order_differs": 3, "order_matches_extensions_unresolved": 87}, "space_comparison_counts": {"layer_discrepancy": 29, "layers_match": 145, "not_computed": 56, "twist_not_tabulated": 230}, "total_tasks": 489, "updated_utc": "2026-09-24T11:30:30.234015+00:00"}
{"certified_ko": false, "completed_e6": 375, "counts": {"PENDING": 110, "RUNNING": 4, "computed": 375}, "finite_comparison_counts": {"order_differs": 3, "order_matches_extensions_unresolved": 87}, "space_comparison_counts": {"layer_discrepancy": 29, "layers_match": 145, "not_computed": 56, "twist_not_tabulated": 230}, "total_tasks": 489, "updated_utc": "2026-09-24T11:31:30.720971+00:00"}
{"certified_ko": false, "completed_e6": 375, "counts": {"PENDING": 110, "RUNNING": 4, "computed": 375}, "finite_comparison_counts": {"order_differs": 3, "order_matches_extensions_unresolved": 87}, "space_comparison_counts": {"layer_discrepancy": 29, "layers_match": 145, "not_computed": 56, "twist_not_tabulated": 230}, "total_tasks": 489, "updated_utc": "2026-09-24T11:32:31.201304+00:00"}
{"certified_ko": false, "completed_e6": 375, "counts": {"PENDING": 110, "RUNNING": 4, "computed": 375}, "finite_comparison_counts": {"order_differs": 3, "order_matches_extensions_unresolved": 87}, "space_comparison_counts": {"layer_discrepancy": 29, "layers_match": 145, "not_computed": 56, "twist_not_tabulated": 230}, "total_tasks": 489, "updated_utc": "2026-09-24T11:33:31.683728+00:00"}
{"certified_ko": false, "completed_e6": 378, "counts": {"PENDING": 107, "RUNNING": 4, "computed": 378}, "finite_comparison_counts": {"order_differs": 3, "order_matches_extensions_unresolved": 87}, "space_comparison_counts": {"layer_discrepancy": 30, "layers_match": 146, "not_computed": 54, "twist_not_tabulated": 230}, "total_tasks": 489, "updated_utc": "2026-09-24T11:34:32.283395+00:00"}
{"certified_ko": false, "completed_e6": 380, "counts": {"PENDING": 105, "RUNNING": 4, "computed": 380}, "finite_comparison_counts": {"order_differs": 3, "order_matches_extensions_unresolved": 87}, "space_comparison_counts": {"layer_discrepancy": 30, "layers_match": 147, "not_computed": 53, "twist_not_tabulated": 230}, "total_tasks": 489, "updated_utc": "2026-09-24T11:35:32.882513+00:00"}
{"certified_ko": false, "completed_e6": 385, "counts": {"PENDING": 100, "RUNNING": 4, "computed": 385}, "finite_comparison_counts": {"order_differs": 3, "order_matches_extensions_unresolved": 87}, "space_comparison_counts": {"layer_discrepancy": 30, "layers_match": 149, "not_computed": 51, "twist_not_tabulated": 230}, "total_tasks": 489, "updated_utc": "2026-09-24T11:36:33.488820+00:00"}
{"certified_ko": false, "completed_e6": 390, "counts": {"PENDING": 95, "RUNNING": 4, "computed": 390}, "finite_comparison_counts": {"order_differs": 3, "order_matches_extensions_unresolved": 87}, "space_comparison_counts": {"layer_discrepancy": 30, "layers_match": 152, "not_computed": 48, "twist_not_tabulated": 230}, "total_tasks": 489, "updated_utc": "2026-09-24T11:37:34.097598+00:00"}
{"certified_ko": false, "completed_e6": 392, "counts": {"PENDING": 93, "RUNNING": 4, "computed": 392}, "finite_comparison_counts": {"order_differs": 3, "order_matches_extensions_unresolved": 87}, "space_comparison_counts": {"layer_discrepancy": 30, "layers_match": 153, "not_computed": 47, "twist_not_tabulated": 230}, "total_tasks": 489, "updated_utc": "2026-09-24T11:38:34.703685+00:00"}
{"certified_ko": false, "completed_e6": 393, "counts": {"PENDING": 93, "RUNNING": 3, "computed": 393}, "finite_comparison_counts": {"order_differs": 3, "order_matches_extensions_unresolved": 87}, "space_comparison_counts": {"layer_discrepancy": 31, "layers_match": 153, "not_computed": 46, "twist_not_tabulated": 230}, "total_tasks": 489, "updated_utc": "2026-09-24T11:39:35.308295+00:00"}
{"certified_ko": false, "completed_e6": 394, "counts": {"PENDING": 91, "RUNNING": 4, "computed": 394}, "finite_comparison_counts": {"order_differs": 3, "order_matches_extensions_unresolved": 87}, "space_comparison_counts": {"layer_discrepancy": 31, "layers_match": 153, "not_computed": 46, "twist_not_tabulated": 230}, "total_tasks": 489, "updated_utc": "2026-09-24T11:40:35.908432+00:00"}
{"certified_ko": false, "completed_e6": 395, "counts": {"PENDING": 90, "RUNNING": 4, "computed": 395}, "finite_comparison_counts": {"order_differs": 3, "order_matches_extensions_unresolved": 87}, "space_comparison_counts": {"layer_discrepancy": 31, "layers_match": 154, "not_computed": 45, "twist_not_tabulated": 230}, "total_tasks": 489, "updated_utc": "2026-09-24T11:41:36.509570+00:00"}
{"certified_ko": false, "completed_e6": 397, "counts": {"PENDING": 88, "RUNNING": 4, "computed": 397}, "finite_comparison_counts": {"order_differs": 3, "order_matches_extensions_unresolved": 87}, "space_comparison_counts": {"layer_discrepancy": 31, "layers_match": 155, "not_computed": 44, "twist_not_tabulated": 230}, "total_tasks": 489, "updated_utc": "2026-09-24T11:42:37.374491+00:00"}
{"certified_ko": false, "completed_e6": 397, "counts": {"PENDING": 88, "RUNNING": 4, "computed": 397}, "finite_comparison_counts": {"order_differs": 3, "order_matches_extensions_unresolved": 87}, "space_comparison_counts": {"layer_discrepancy": 31, "layers_match": 155, "not_computed": 44, "twist_not_tabulated": 230}, "total_tasks": 489, "updated_utc": "2026-09-24T11:43:38.127565+00:00"}
{"certified_ko": false, "completed_e6": 397, "counts": {"PENDING": 88, "RUNNING": 4, "computed": 397}, "finite_comparison_counts": {"order_differs": 3, "order_matches_extensions_unresolved": 87}, "space_comparison_counts": {"layer_discrepancy": 31, "layers_match": 155, "not_computed": 44, "twist_not_tabulated": 230}, "total_tasks": 489, "updated_utc": "2026-09-24T11:44:38.622269+00:00"}
{"certified_ko": false, "completed_e6": 397, "counts": {"PENDING": 88, "RUNNING": 4, "computed": 397}, "finite_comparison_counts": {"order_differs": 3, "order_matches_extensions_unresolved": 87}, "space_comparison_counts": {"layer_discrepancy": 31, "layers_match": 155, "not_computed": 44, "twist_not_tabulated": 230}, "total_tasks": 489, "updated_utc": "2026-09-24T11:45:39.115814+00:00"}
{"certified_ko": false, "completed_e6": 397, "counts": {"PENDING": 88, "RUNNING": 4, "computed": 397}, "finite_comparison_counts": {"order_differs": 3, "order_matches_extensions_unresolved": 87}, "space_comparison_counts": {"layer_discrepancy": 31, "layers_match": 155, "not_computed": 44, "twist_not_tabulated": 230}, "total_tasks": 489, "updated_utc": "2026-09-24T11:46:39.612275+00:00"}
{"certified_ko": false, "completed_e6": 398, "counts": {"PENDING": 87, "RUNNING": 4, "computed": 398}, "finite_comparison_counts": {"order_differs": 3, "order_matches_extensions_unresolved": 87}, "space_comparison_counts": {"layer_discrepancy": 31, "layers_match": 155, "not_computed": 44, "twist_not_tabulated": 230}, "total_tasks": 489, "updated_utc": "2026-09-24T11:47:40.215367+00:00"}
{"certified_ko": false, "completed_e6": 399, "counts": {"PENDING": 86, "RUNNING": 4, "computed": 399}, "finite_comparison_counts": {"order_differs": 3, "order_matches_extensions_unresolved": 87}, "space_comparison_counts": {"layer_discrepancy": 31, "layers_match": 156, "not_computed": 43, "twist_not_tabulated": 230}, "total_tasks": 489, "updated_utc": "2026-09-24T11:48:40.825886+00:00"}
{"certified_ko": false, "completed_e6": 399, "counts": {"PENDING": 86, "RUNNING": 4, "computed": 399}, "finite_comparison_counts": {"order_differs": 3, "order_matches_extensions_unresolved": 87}, "space_comparison_counts": {"layer_discrepancy": 31, "layers_match": 156, "not_computed": 43, "twist_not_tabulated": 230}, "total_tasks": 489, "updated_utc": "2026-09-24T11:49:41.328924+00:00"}
{"certified_ko": false, "completed_e6": 399, "counts": {"PENDING": 86, "RUNNING": 4, "computed": 399}, "finite_comparison_counts": {"order_differs": 3, "order_matches_extensions_unresolved": 87}, "space_comparison_counts": {"layer_discrepancy": 31, "layers_match": 156, "not_computed": 43, "twist_not_tabulated": 230}, "total_tasks": 489, "updated_utc": "2026-09-24T11:50:41.829861+00:00"}
{"certified_ko": false, "completed_e6": 400, "counts": {"PENDING": 86, "RUNNING": 3, "computed": 400}, "finite_comparison_counts": {"order_differs": 3, "order_matches_extensions_unresolved": 87}, "space_comparison_counts": {"layer_discrepancy": 31, "layers_match": 156, "not_computed": 43, "twist_not_tabulated": 230}, "total_tasks": 489, "updated_utc": "2026-09-24T11:51:42.429797+00:00"}
{"certified_ko": false, "completed_e6": 401, "counts": {"PENDING": 84, "RUNNING": 4, "computed": 401}, "finite_comparison_counts": {"order_differs": 3, "order_matches_extensions_unresolved": 87}, "space_comparison_counts": {"layer_discrepancy": 31, "layers_match": 157, "not_computed": 42, "twist_not_tabulated": 230}, "total_tasks": 489, "updated_utc": "2026-09-24T11:52:43.044091+00:00"}
{"certified_ko": false, "completed_e6": 402, "counts": {"PENDING": 83, "RUNNING": 4, "computed": 402}, "finite_comparison_counts": {"order_differs": 3, "order_matches_extensions_unresolved": 87}, "space_comparison_counts": {"layer_discrepancy": 31, "layers_match": 157, "not_computed": 42, "twist_not_tabulated": 230}, "total_tasks": 489, "updated_utc": "2026-09-24T11:53:43.652869+00:00"}
{"certified_ko": false, "completed_e6": 403, "counts": {"PENDING": 82, "RUNNING": 4, "computed": 403}, "finite_comparison_counts": {"order_differs": 3, "order_matches_extensions_unresolved": 87}, "space_comparison_counts": {"layer_discrepancy": 31, "layers_match": 158, "not_computed": 41, "twist_not_tabulated": 230}, "total_tasks": 489, "updated_utc": "2026-09-24T11:54:44.257915+00:00"}
{"certified_ko": false, "completed_e6": 403, "counts": {"PENDING": 82, "RUNNING": 4, "computed": 403}, "finite_comparison_counts": {"order_differs": 3, "order_matches_extensions_unresolved": 87}, "space_comparison_counts": {"layer_discrepancy": 31, "layers_match": 158, "not_computed": 41, "twist_not_tabulated": 230}, "total_tasks": 489, "updated_utc": "2026-09-24T11:55:44.758668+00:00"}
{"certified_ko": false, "completed_e6": 405, "counts": {"PENDING": 80, "RUNNING": 4, "computed": 405}, "finite_comparison_counts": {"order_differs": 3, "order_matches_extensions_unresolved": 87}, "space_comparison_counts": {"layer_discrepancy": 31, "layers_match": 159, "not_computed": 40, "twist_not_tabulated": 230}, "total_tasks": 489, "updated_utc": "2026-09-24T11:56:45.367275+00:00"}
{"certified_ko": false, "completed_e6": 405, "counts": {"PENDING": 80, "RUNNING": 4, "computed": 405}, "finite_comparison_counts": {"order_differs": 3, "order_matches_extensions_unresolved": 87}, "space_comparison_counts": {"layer_discrepancy": 31, "layers_match": 159, "not_computed": 40, "twist_not_tabulated": 230}, "total_tasks": 489, "updated_utc": "2026-09-24T11:57:45.870943+00:00"}
{"certified_ko": false, "completed_e6": 405, "counts": {"PENDING": 80, "RUNNING": 4, "computed": 405}, "finite_comparison_counts": {"order_differs": 3, "order_matches_extensions_unresolved": 87}, "space_comparison_counts": {"layer_discrepancy": 31, "layers_match": 159, "not_computed": 40, "twist_not_tabulated": 230}, "total_tasks": 489, "updated_utc": "2026-09-24T11:58:46.371680+00:00"}
{"certified_ko": false, "completed_e6": 405, "counts": {"PENDING": 80, "RUNNING": 4, "computed": 405}, "finite_comparison_counts": {"order_differs": 3, "order_matches_extensions_unresolved": 87}, "space_comparison_counts": {"layer_discrepancy": 31, "layers_match": 159, "not_computed": 40, "twist_not_tabulated": 230}, "total_tasks": 489, "updated_utc": "2026-09-24T11:59:46.869389+00:00"}
{"certified_ko": false, "completed_e6": 405, "counts": {"PENDING": 80, "RUNNING": 4, "computed": 405}, "finite_comparison_counts": {"order_differs": 3, "order_matches_extensions_unresolved": 87}, "space_comparison_counts": {"layer_discrepancy": 31, "layers_match": 159, "not_computed": 40, "twist_not_tabulated": 230}, "total_tasks": 489, "updated_utc": "2026-09-24T12:00:47.373287+00:00"}
{"certified_ko": false, "completed_e6": 405, "counts": {"PENDING": 80, "RUNNING": 4, "computed": 405}, "finite_comparison_counts": {"order_differs": 3, "order_matches_extensions_unresolved": 87}, "space_comparison_counts": {"layer_discrepancy": 31, "layers_match": 159, "not_computed": 40, "twist_not_tabulated": 230}, "total_tasks": 489, "updated_utc": "2026-09-24T12:01:47.875622+00:00"}
{"certified_ko": false, "completed_e6": 406, "counts": {"PENDING": 79, "RUNNING": 4, "computed": 406}, "finite_comparison_counts": {"order_differs": 3, "order_matches_extensions_unresolved": 87}, "space_comparison_counts": {"layer_discrepancy": 31, "layers_match": 159, "not_computed": 40, "twist_not_tabulated": 230}, "total_tasks": 489, "updated_utc": "2026-09-24T12:02:48.483168+00:00"}
{"certified_ko": false, "completed_e6": 406, "counts": {"PENDING": 79, "RUNNING": 4, "computed": 406}, "finite_comparison_counts": {"order_differs": 3, "order_matches_extensions_unresolved": 87}, "space_comparison_counts": {"layer_discrepancy": 31, "layers_match": 159, "not_computed": 40, "twist_not_tabulated": 230}, "total_tasks": 489, "updated_utc": "2026-09-24T12:03:48.988420+00:00"}
{"certified_ko": false, "completed_e6": 409, "counts": {"PENDING": 76, "RUNNING": 4, "computed": 409}, "finite_comparison_counts": {"order_differs": 3, "order_matches_extensions_unresolved": 87}, "space_comparison_counts": {"layer_discrepancy": 31, "layers_match": 161, "not_computed": 38, "twist_not_tabulated": 230}, "total_tasks": 489, "updated_utc": "2026-09-24T12:04:49.601960+00:00"}
{"certified_ko": false, "completed_e6": 409, "counts": {"PENDING": 76, "RUNNING": 4, "computed": 409}, "finite_comparison_counts": {"order_differs": 3, "order_matches_extensions_unresolved": 87}, "space_comparison_counts": {"layer_discrepancy": 31, "layers_match": 161, "not_computed": 38, "twist_not_tabulated": 230}, "total_tasks": 489, "updated_utc": "2026-09-24T12:05:50.119163+00:00"}
{"certified_ko": false, "completed_e6": 409, "counts": {"PENDING": 76, "RUNNING": 4, "computed": 409}, "finite_comparison_counts": {"order_differs": 3, "order_matches_extensions_unresolved": 87}, "space_comparison_counts": {"layer_discrepancy": 31, "layers_match": 161, "not_computed": 38, "twist_not_tabulated": 230}, "total_tasks": 489, "updated_utc": "2026-09-24T12:06:50.949864+00:00"}
{"certified_ko": false, "completed_e6": 411, "counts": {"PENDING": 74, "RUNNING": 4, "computed": 411}, "finite_comparison_counts": {"order_differs": 3, "order_matches_extensions_unresolved": 87}, "space_comparison_counts": {"layer_discrepancy": 31, "layers_match": 162, "not_computed": 37, "twist_not_tabulated": 230}, "total_tasks": 489, "updated_utc": "2026-09-24T12:07:52.141304+00:00"}
{"certified_ko": false, "completed_e6": 411, "counts": {"PENDING": 74, "RUNNING": 4, "computed": 411}, "finite_comparison_counts": {"order_differs": 3, "order_matches_extensions_unresolved": 87}, "space_comparison_counts": {"layer_discrepancy": 31, "layers_match": 162, "not_computed": 37, "twist_not_tabulated": 230}, "total_tasks": 489, "updated_utc": "2026-09-24T12:08:52.652123+00:00"}
{"certified_ko": false, "completed_e6": 411, "counts": {"PENDING": 74, "RUNNING": 4, "computed": 411}, "finite_comparison_counts": {"order_differs": 3, "order_matches_extensions_unresolved": 87}, "space_comparison_counts": {"layer_discrepancy": 31, "layers_match": 162, "not_computed": 37, "twist_not_tabulated": 230}, "total_tasks": 489, "updated_utc": "2026-09-24T12:09:53.162180+00:00"}
{"certified_ko": false, "completed_e6": 411, "counts": {"PENDING": 74, "RUNNING": 4, "computed": 411}, "finite_comparison_counts": {"order_differs": 3, "order_matches_extensions_unresolved": 87}, "space_comparison_counts": {"layer_discrepancy": 31, "layers_match": 162, "not_computed": 37, "twist_not_tabulated": 230}, "total_tasks": 489, "updated_utc": "2026-09-24T12:10:53.670714+00:00"}
{"certified_ko": false, "completed_e6": 411, "counts": {"PENDING": 74, "RUNNING": 4, "computed": 411}, "finite_comparison_counts": {"order_differs": 3, "order_matches_extensions_unresolved": 87}, "space_comparison_counts": {"layer_discrepancy": 31, "layers_match": 162, "not_computed": 37, "twist_not_tabulated": 230}, "total_tasks": 489, "updated_utc": "2026-09-24T12:11:54.180803+00:00"}
{"certified_ko": false, "completed_e6": 412, "counts": {"PENDING": 73, "RUNNING": 4, "computed": 412}, "finite_comparison_counts": {"order_differs": 3, "order_matches_extensions_unresolved": 87}, "space_comparison_counts": {"layer_discrepancy": 31, "layers_match": 162, "not_computed": 37, "twist_not_tabulated": 230}, "total_tasks": 489, "updated_utc": "2026-09-24T12:12:54.797112+00:00"}
{"certified_ko": false, "completed_e6": 413, "counts": {"PENDING": 72, "RUNNING": 4, "computed": 413}, "finite_comparison_counts": {"order_differs": 3, "order_matches_extensions_unresolved": 87}, "space_comparison_counts": {"layer_discrepancy": 31, "layers_match": 163, "not_computed": 36, "twist_not_tabulated": 230}, "total_tasks": 489, "updated_utc": "2026-09-24T12:13:55.414776+00:00"}
{"certified_ko": false, "completed_e6": 413, "counts": {"PENDING": 72, "RUNNING": 4, "computed": 413}, "finite_comparison_counts": {"order_differs": 3, "order_matches_extensions_unresolved": 87}, "space_comparison_counts": {"layer_discrepancy": 31, "layers_match": 163, "not_computed": 36, "twist_not_tabulated": 230}, "total_tasks": 489, "updated_utc": "2026-09-24T12:14:55.931502+00:00"}
{"certified_ko": false, "completed_e6": 413, "counts": {"PENDING": 72, "RUNNING": 4, "computed": 413}, "finite_comparison_counts": {"order_differs": 3, "order_matches_extensions_unresolved": 87}, "space_comparison_counts": {"layer_discrepancy": 31, "layers_match": 163, "not_computed": 36, "twist_not_tabulated": 230}, "total_tasks": 489, "updated_utc": "2026-09-24T12:15:56.443942+00:00"}
{"certified_ko": false, "completed_e6": 413, "counts": {"PENDING": 72, "RUNNING": 4, "computed": 413}, "finite_comparison_counts": {"order_differs": 3, "order_matches_extensions_unresolved": 87}, "space_comparison_counts": {"layer_discrepancy": 31, "layers_match": 163, "not_computed": 36, "twist_not_tabulated": 230}, "total_tasks": 489, "updated_utc": "2026-09-24T12:16:56.955647+00:00"}
{"certified_ko": false, "completed_e6": 413, "counts": {"PENDING": 72, "RUNNING": 4, "computed": 413}, "finite_comparison_counts": {"order_differs": 3, "order_matches_extensions_unresolved": 87}, "space_comparison_counts": {"layer_discrepancy": 31, "layers_match": 163, "not_computed": 36, "twist_not_tabulated": 230}, "total_tasks": 489, "updated_utc": "2026-09-24T12:17:57.470077+00:00"}
{"certified_ko": false, "completed_e6": 414, "counts": {"PENDING": 71, "RUNNING": 4, "computed": 414}, "finite_comparison_counts": {"order_differs": 3, "order_matches_extensions_unresolved": 87}, "space_comparison_counts": {"layer_discrepancy": 31, "layers_match": 163, "not_computed": 36, "twist_not_tabulated": 230}, "total_tasks": 489, "updated_utc": "2026-09-24T12:18:58.094263+00:00"}
{"certified_ko": false, "completed_e6": 416, "counts": {"PENDING": 69, "RUNNING": 4, "computed": 416}, "finite_comparison_counts": {"order_differs": 3, "order_matches_extensions_unresolved": 87}, "space_comparison_counts": {"layer_discrepancy": 31, "layers_match": 164, "not_computed": 35, "twist_not_tabulated": 230}, "total_tasks": 489, "updated_utc": "2026-09-24T12:19:58.712791+00:00"}
{"certified_ko": false, "completed_e6": 416, "counts": {"PENDING": 69, "RUNNING": 4, "computed": 416}, "finite_comparison_counts": {"order_differs": 3, "order_matches_extensions_unresolved": 87}, "space_comparison_counts": {"layer_discrepancy": 31, "layers_match": 164, "not_computed": 35, "twist_not_tabulated": 230}, "total_tasks": 489, "updated_utc": "2026-09-24T12:20:59.231842+00:00"}
{"certified_ko": false, "completed_e6": 416, "counts": {"PENDING": 69, "RUNNING": 4, "computed": 416}, "finite_comparison_counts": {"order_differs": 3, "order_matches_extensions_unresolved": 87}, "space_comparison_counts": {"layer_discrepancy": 31, "layers_match": 164, "not_computed": 35, "twist_not_tabulated": 230}, "total_tasks": 489, "updated_utc": "2026-09-24T12:21:59.746160+00:00"}
{"certified_ko": false, "completed_e6": 416, "counts": {"PENDING": 69, "RUNNING": 4, "computed": 416}, "finite_comparison_counts": {"order_differs": 3, "order_matches_extensions_unresolved": 87}, "space_comparison_counts": {"layer_discrepancy": 31, "layers_match": 164, "not_computed": 35, "twist_not_tabulated": 230}, "total_tasks": 489, "updated_utc": "2026-09-24T12:23:00.263072+00:00"}
{"certified_ko": false, "completed_e6": 416, "counts": {"PENDING": 69, "RUNNING": 4, "computed": 416}, "finite_comparison_counts": {"order_differs": 3, "order_matches_extensions_unresolved": 87}, "space_comparison_counts": {"layer_discrepancy": 31, "layers_match": 164, "not_computed": 35, "twist_not_tabulated": 230}, "total_tasks": 489, "updated_utc": "2026-09-24T12:24:00.774247+00:00"}
{"certified_ko": false, "completed_e6": 416, "counts": {"PENDING": 69, "RUNNING": 4, "computed": 416}, "finite_comparison_counts": {"order_differs": 3, "order_matches_extensions_unresolved": 87}, "space_comparison_counts": {"layer_discrepancy": 31, "layers_match": 164, "not_computed": 35, "twist_not_tabulated": 230}, "total_tasks": 489, "updated_utc": "2026-09-24T12:25:01.283146+00:00"}
{"certified_ko": false, "completed_e6": 416, "counts": {"PENDING": 69, "RUNNING": 4, "computed": 416}, "finite_comparison_counts": {"order_differs": 3, "order_matches_extensions_unresolved": 87}, "space_comparison_counts": {"layer_discrepancy": 31, "layers_match": 164, "not_computed": 35, "twist_not_tabulated": 230}, "total_tasks": 489, "updated_utc": "2026-09-24T12:26:01.793658+00:00"}
{"certified_ko": false, "completed_e6": 416, "counts": {"PENDING": 69, "RUNNING": 4, "computed": 416}, "finite_comparison_counts": {"order_differs": 3, "order_matches_extensions_unresolved": 87}, "space_comparison_counts": {"layer_discrepancy": 31, "layers_match": 164, "not_computed": 35, "twist_not_tabulated": 230}, "total_tasks": 489, "updated_utc": "2026-09-24T12:27:02.308893+00:00"}
{"certified_ko": false, "completed_e6": 416, "counts": {"PENDING": 69, "RUNNING": 4, "computed": 416}, "finite_comparison_counts": {"order_differs": 3, "order_matches_extensions_unresolved": 87}, "space_comparison_counts": {"layer_discrepancy": 31, "layers_match": 164, "not_computed": 35, "twist_not_tabulated": 230}, "total_tasks": 489, "updated_utc": "2026-09-24T12:28:02.934104+00:00"}
{"certified_ko": false, "completed_e6": 416, "counts": {"PENDING": 69, "RUNNING": 4, "computed": 416}, "finite_comparison_counts": {"order_differs": 3, "order_matches_extensions_unresolved": 87}, "space_comparison_counts": {"layer_discrepancy": 31, "layers_match": 164, "not_computed": 35, "twist_not_tabulated": 230}, "total_tasks": 489, "updated_utc": "2026-09-24T12:29:03.448203+00:00"}
{"certified_ko": false, "completed_e6": 416, "counts": {"PENDING": 69, "RUNNING": 4, "computed": 416}, "finite_comparison_counts": {"order_differs": 3, "order_matches_extensions_unresolved": 87}, "space_comparison_counts": {"layer_discrepancy": 31, "layers_match": 164, "not_computed": 35, "twist_not_tabulated": 230}, "total_tasks": 489, "updated_utc": "2026-09-24T12:30:03.961641+00:00"}
{"certified_ko": false, "completed_e6": 416, "counts": {"PENDING": 69, "RUNNING": 4, "computed": 416}, "finite_comparison_counts": {"order_differs": 3, "order_matches_extensions_unresolved": 87}, "space_comparison_counts": {"layer_discrepancy": 31, "layers_match": 164, "not_computed": 35, "twist_not_tabulated": 230}, "total_tasks": 489, "updated_utc": "2026-09-24T12:31:04.474880+00:00"}
{"certified_ko": false, "completed_e6": 416, "counts": {"PENDING": 69, "RUNNING": 4, "computed": 416}, "finite_comparison_counts": {"order_differs": 3, "order_matches_extensions_unresolved": 87}, "space_comparison_counts": {"layer_discrepancy": 31, "layers_match": 164, "not_computed": 35, "twist_not_tabulated": 230}, "total_tasks": 489, "updated_utc": "2026-09-24T12:32:04.986802+00:00"}
{"certified_ko": false, "completed_e6": 416, "counts": {"PENDING": 69, "RUNNING": 4, "computed": 416}, "finite_comparison_counts": {"order_differs": 3, "order_matches_extensions_unresolved": 87}, "space_comparison_counts": {"layer_discrepancy": 31, "layers_match": 164, "not_computed": 35, "twist_not_tabulated": 230}, "total_tasks": 489, "updated_utc": "2026-09-24T12:33:05.510647+00:00"}
{"certified_ko": false, "completed_e6": 416, "counts": {"PENDING": 69, "RUNNING": 4, "computed": 416}, "finite_comparison_counts": {"order_differs": 3, "order_matches_extensions_unresolved": 87}, "space_comparison_counts": {"layer_discrepancy": 31, "layers_match": 164, "not_computed": 35, "twist_not_tabulated": 230}, "total_tasks": 489, "updated_utc": "2026-09-24T12:34:06.021885+00:00"}
{"certified_ko": false, "completed_e6": 417, "counts": {"PENDING": 68, "RUNNING": 4, "computed": 417}, "finite_comparison_counts": {"order_differs": 3, "order_matches_extensions_unresolved": 87}, "space_comparison_counts": {"layer_discrepancy": 31, "layers_match": 165, "not_computed": 34, "twist_not_tabulated": 230}, "total_tasks": 489, "updated_utc": "2026-09-24T12:35:06.644692+00:00"}
{"certified_ko": false, "completed_e6": 417, "counts": {"PENDING": 68, "RUNNING": 4, "computed": 417}, "finite_comparison_counts": {"order_differs": 3, "order_matches_extensions_unresolved": 87}, "space_comparison_counts": {"layer_discrepancy": 31, "layers_match": 165, "not_computed": 34, "twist_not_tabulated": 230}, "total_tasks": 489, "updated_utc": "2026-09-24T12:36:07.165631+00:00"}
{"certified_ko": false, "completed_e6": 417, "counts": {"PENDING": 68, "RUNNING": 4, "computed": 417}, "finite_comparison_counts": {"order_differs": 3, "order_matches_extensions_unresolved": 87}, "space_comparison_counts": {"layer_discrepancy": 31, "layers_match": 165, "not_computed": 34, "twist_not_tabulated": 230}, "total_tasks": 489, "updated_utc": "2026-09-24T12:37:13.234064+00:00"}
{"certified_ko": false, "completed_e6": 417, "counts": {"PENDING": 68, "RUNNING": 4, "computed": 417}, "finite_comparison_counts": {"order_differs": 3, "order_matches_extensions_unresolved": 87}, "space_comparison_counts": {"layer_discrepancy": 31, "layers_match": 165, "not_computed": 34, "twist_not_tabulated": 230}, "total_tasks": 489, "updated_utc": "2026-09-24T12:38:13.755559+00:00"}
{"certified_ko": false, "completed_e6": 417, "counts": {"PENDING": 68, "RUNNING": 4, "computed": 417}, "finite_comparison_counts": {"order_differs": 3, "order_matches_extensions_unresolved": 87}, "space_comparison_counts": {"layer_discrepancy": 31, "layers_match": 165, "not_computed": 34, "twist_not_tabulated": 230}, "total_tasks": 489, "updated_utc": "2026-09-24T12:39:14.274002+00:00"}
{"certified_ko": false, "completed_e6": 419, "counts": {"PENDING": 66, "RUNNING": 4, "computed": 419}, "finite_comparison_counts": {"order_differs": 3, "order_matches_extensions_unresolved": 87}, "space_comparison_counts": {"layer_discrepancy": 31, "layers_match": 166, "not_computed": 33, "twist_not_tabulated": 230}, "total_tasks": 489, "updated_utc": "2026-09-24T12:40:14.902053+00:00"}
{"certified_ko": false, "completed_e6": 424, "counts": {"PENDING": 62, "RUNNING": 3, "computed": 424}, "finite_comparison_counts": {"order_differs": 3, "order_matches_extensions_unresolved": 87}, "space_comparison_counts": {"layer_discrepancy": 31, "layers_match": 168, "not_computed": 31, "twist_not_tabulated": 230}, "total_tasks": 489, "updated_utc": "2026-09-24T12:41:16.004326+00:00"}
{"certified_ko": false, "completed_e6": 425, "counts": {"PENDING": 60, "RUNNING": 4, "computed": 425}, "finite_comparison_counts": {"order_differs": 3, "order_matches_extensions_unresolved": 87}, "space_comparison_counts": {"layer_discrepancy": 31, "layers_match": 169, "not_computed": 30, "twist_not_tabulated": 230}, "total_tasks": 489, "updated_utc": "2026-09-24T12:42:16.642233+00:00"}
{"certified_ko": false, "completed_e6": 427, "counts": {"PENDING": 58, "RUNNING": 4, "computed": 427}, "finite_comparison_counts": {"order_differs": 3, "order_matches_extensions_unresolved": 87}, "space_comparison_counts": {"layer_discrepancy": 31, "layers_match": 170, "not_computed": 29, "twist_not_tabulated": 230}, "total_tasks": 489, "updated_utc": "2026-09-24T12:43:17.276172+00:00"}
{"certified_ko": false, "completed_e6": 428, "counts": {"PENDING": 57, "RUNNING": 4, "computed": 428}, "finite_comparison_counts": {"order_differs": 3, "order_matches_extensions_unresolved": 87}, "space_comparison_counts": {"layer_discrepancy": 31, "layers_match": 170, "not_computed": 29, "twist_not_tabulated": 230}, "total_tasks": 489, "updated_utc": "2026-09-24T12:44:18.018843+00:00"}
{"certified_ko": false, "completed_e6": 431, "counts": {"PENDING": 55, "RUNNING": 3, "computed": 431}, "finite_comparison_counts": {"order_differs": 3, "order_matches_extensions_unresolved": 87}, "space_comparison_counts": {"layer_discrepancy": 31, "layers_match": 172, "not_computed": 27, "twist_not_tabulated": 230}, "total_tasks": 489, "updated_utc": "2026-09-24T12:45:18.654592+00:00"}
{"certified_ko": false, "completed_e6": 433, "counts": {"PENDING": 5, "RUNNING": 51, "computed": 433}, "finite_comparison_counts": {"order_differs": 3, "order_matches_extensions_unresolved": 87}, "space_comparison_counts": {"layer_discrepancy": 31, "layers_match": 173, "not_computed": 26, "twist_not_tabulated": 230}, "total_tasks": 489, "updated_utc": "2026-09-24T12:46:19.277325+00:00"}
{"certified_ko": false, "completed_e6": 450, "counts": {"RUNNING": 39, "computed": 450}, "finite_comparison_counts": {"order_differs": 3, "order_matches_extensions_unresolved": 87}, "space_comparison_counts": {"layer_discrepancy": 31, "layers_match": 183, "not_computed": 14, "paper_incomplete": 2, "twist_not_tabulated": 230}, "total_tasks": 489, "updated_utc": "2026-09-24T12:47:20.046793+00:00"}
{"certified_ko": false, "completed_e6": 465, "counts": {"RUNNING": 24, "computed": 465}, "finite_comparison_counts": {"order_differs": 3, "order_matches_extensions_unresolved": 87}, "space_comparison_counts": {"layer_discrepancy": 32, "layers_match": 190, "not_computed": 6, "paper_incomplete": 2, "twist_not_tabulated": 230}, "total_tasks": 489, "updated_utc": "2026-09-24T12:48:20.789256+00:00"}
{"certified_ko": false, "completed_e6": 472, "counts": {"RUNNING": 17, "computed": 472}, "finite_comparison_counts": {"order_differs": 3, "order_matches_extensions_unresolved": 87}, "space_comparison_counts": {"layer_discrepancy": 32, "layers_match": 194, "not_computed": 2, "paper_incomplete": 2, "twist_not_tabulated": 230}, "total_tasks": 489, "updated_utc": "2026-09-24T12:49:21.497292+00:00"}
{"certified_ko": false, "completed_e6": 476, "counts": {"RUNNING": 13, "computed": 476}, "finite_comparison_counts": {"order_differs": 3, "order_matches_extensions_unresolved": 87}, "space_comparison_counts": {"layer_discrepancy": 32, "layers_match": 194, "not_computed": 2, "paper_incomplete": 2, "twist_not_tabulated": 230}, "total_tasks": 489, "updated_utc": "2026-09-24T12:50:22.189689+00:00"}
{"certified_ko": false, "completed_e6": 477, "counts": {"RUNNING": 12, "computed": 477}, "finite_comparison_counts": {"order_differs": 3, "order_matches_extensions_unresolved": 87}, "space_comparison_counts": {"layer_discrepancy": 32, "layers_match": 194, "not_computed": 2, "paper_incomplete": 2, "twist_not_tabulated": 230}, "total_tasks": 489, "updated_utc": "2026-09-24T12:51:22.869949+00:00"}
{"certified_ko": false, "completed_e6": 478, "counts": {"RUNNING": 11, "computed": 478}, "finite_comparison_counts": {"order_differs": 3, "order_matches_extensions_unresolved": 87}, "space_comparison_counts": {"layer_discrepancy": 32, "layers_match": 194, "not_computed": 2, "paper_incomplete": 2, "twist_not_tabulated": 230}, "total_tasks": 489, "updated_utc": "2026-09-24T12:52:23.553103+00:00"}
{"certified_ko": false, "completed_e6": 478, "counts": {"RUNNING": 11, "computed": 478}, "finite_comparison_counts": {"order_differs": 3, "order_matches_extensions_unresolved": 87}, "space_comparison_counts": {"layer_discrepancy": 32, "layers_match": 194, "not_computed": 2, "paper_incomplete": 2, "twist_not_tabulated": 230}, "total_tasks": 489, "updated_utc": "2026-09-24T12:53:24.125998+00:00"}
{"certified_ko": false, "completed_e6": 478, "counts": {"RUNNING": 11, "computed": 478}, "finite_comparison_counts": {"order_differs": 3, "order_matches_extensions_unresolved": 87}, "space_comparison_counts": {"layer_discrepancy": 32, "layers_match": 194, "not_computed": 2, "paper_incomplete": 2, "twist_not_tabulated": 230}, "total_tasks": 489, "updated_utc": "2026-09-24T12:54:24.698572+00:00"}
{"certified_ko": false, "completed_e6": 478, "counts": {"RUNNING": 11, "computed": 478}, "finite_comparison_counts": {"order_differs": 3, "order_matches_extensions_unresolved": 87}, "space_comparison_counts": {"layer_discrepancy": 32, "layers_match": 194, "not_computed": 2, "paper_incomplete": 2, "twist_not_tabulated": 230}, "total_tasks": 489, "updated_utc": "2026-09-24T12:55:25.374697+00:00"}
{"certified_ko": false, "completed_e6": 479, "counts": {"RUNNING": 10, "computed": 479}, "finite_comparison_counts": {"order_differs": 3, "order_matches_extensions_unresolved": 87}, "space_comparison_counts": {"layer_discrepancy": 32, "layers_match": 194, "not_computed": 2, "paper_incomplete": 2, "twist_not_tabulated": 230}, "total_tasks": 489, "updated_utc": "2026-09-24T12:56:26.063819+00:00"}
{"certified_ko": false, "completed_e6": 479, "counts": {"RUNNING": 10, "computed": 479}, "finite_comparison_counts": {"order_differs": 3, "order_matches_extensions_unresolved": 87}, "space_comparison_counts": {"layer_discrepancy": 32, "layers_match": 194, "not_computed": 2, "paper_incomplete": 2, "twist_not_tabulated": 230}, "total_tasks": 489, "updated_utc": "2026-09-24T12:57:26.637027+00:00"}
{"certified_ko": false, "completed_e6": 479, "counts": {"RUNNING": 10, "computed": 479}, "finite_comparison_counts": {"order_differs": 3, "order_matches_extensions_unresolved": 87}, "space_comparison_counts": {"layer_discrepancy": 32, "layers_match": 194, "not_computed": 2, "paper_incomplete": 2, "twist_not_tabulated": 230}, "total_tasks": 489, "updated_utc": "2026-09-24T12:58:27.210360+00:00"}
{"certified_ko": false, "completed_e6": 479, "counts": {"RUNNING": 10, "computed": 479}, "finite_comparison_counts": {"order_differs": 3, "order_matches_extensions_unresolved": 87}, "space_comparison_counts": {"layer_discrepancy": 32, "layers_match": 194, "not_computed": 2, "paper_incomplete": 2, "twist_not_tabulated": 230}, "total_tasks": 489, "updated_utc": "2026-09-24T12:59:27.781959+00:00"}
{"certified_ko": false, "completed_e6": 479, "counts": {"RUNNING": 10, "computed": 479}, "finite_comparison_counts": {"order_differs": 3, "order_matches_extensions_unresolved": 87}, "space_comparison_counts": {"layer_discrepancy": 32, "layers_match": 194, "not_computed": 2, "paper_incomplete": 2, "twist_not_tabulated": 230}, "total_tasks": 489, "updated_utc": "2026-09-24T13:00:28.353064+00:00"}
{"certified_ko": false, "completed_e6": 480, "counts": {"RUNNING": 9, "computed": 480}, "finite_comparison_counts": {"order_differs": 3, "order_matches_extensions_unresolved": 87}, "space_comparison_counts": {"layer_discrepancy": 32, "layers_match": 194, "not_computed": 2, "paper_incomplete": 2, "twist_not_tabulated": 230}, "total_tasks": 489, "updated_utc": "2026-09-24T13:01:29.033592+00:00"}
{"certified_ko": false, "completed_e6": 480, "counts": {"RUNNING": 9, "computed": 480}, "finite_comparison_counts": {"order_differs": 3, "order_matches_extensions_unresolved": 87}, "space_comparison_counts": {"layer_discrepancy": 32, "layers_match": 194, "not_computed": 2, "paper_incomplete": 2, "twist_not_tabulated": 230}, "total_tasks": 489, "updated_utc": "2026-09-24T13:02:29.613623+00:00"}
{"certified_ko": false, "completed_e6": 481, "counts": {"RUNNING": 8, "computed": 481}, "finite_comparison_counts": {"order_differs": 3, "order_matches_extensions_unresolved": 87}, "space_comparison_counts": {"layer_discrepancy": 32, "layers_match": 194, "not_computed": 2, "paper_incomplete": 2, "twist_not_tabulated": 230}, "total_tasks": 489, "updated_utc": "2026-09-24T13:03:30.287836+00:00"}
{"certified_ko": false, "completed_e6": 481, "counts": {"RUNNING": 8, "computed": 481}, "finite_comparison_counts": {"order_differs": 3, "order_matches_extensions_unresolved": 87}, "space_comparison_counts": {"layer_discrepancy": 32, "layers_match": 194, "not_computed": 2, "paper_incomplete": 2, "twist_not_tabulated": 230}, "total_tasks": 489, "updated_utc": "2026-09-24T13:04:30.861882+00:00"}
{"certified_ko": false, "completed_e6": 481, "counts": {"RUNNING": 8, "computed": 481}, "finite_comparison_counts": {"order_differs": 3, "order_matches_extensions_unresolved": 87}, "space_comparison_counts": {"layer_discrepancy": 32, "layers_match": 194, "not_computed": 2, "paper_incomplete": 2, "twist_not_tabulated": 230}, "total_tasks": 489, "updated_utc": "2026-09-24T13:05:31.425011+00:00"}
{"certified_ko": false, "completed_e6": 481, "counts": {"RUNNING": 8, "computed": 481}, "finite_comparison_counts": {"order_differs": 3, "order_matches_extensions_unresolved": 87}, "space_comparison_counts": {"layer_discrepancy": 32, "layers_match": 194, "not_computed": 2, "paper_incomplete": 2, "twist_not_tabulated": 230}, "total_tasks": 489, "updated_utc": "2026-09-24T13:06:31.999245+00:00"}
{"certified_ko": false, "completed_e6": 481, "counts": {"RUNNING": 8, "computed": 481}, "finite_comparison_counts": {"order_differs": 3, "order_matches_extensions_unresolved": 87}, "space_comparison_counts": {"layer_discrepancy": 32, "layers_match": 194, "not_computed": 2, "paper_incomplete": 2, "twist_not_tabulated": 230}, "total_tasks": 489, "updated_utc": "2026-09-24T13:07:32.566963+00:00"}
{"certified_ko": false, "completed_e6": 481, "counts": {"RUNNING": 8, "computed": 481}, "finite_comparison_counts": {"order_differs": 3, "order_matches_extensions_unresolved": 87}, "space_comparison_counts": {"layer_discrepancy": 32, "layers_match": 194, "not_computed": 2, "paper_incomplete": 2, "twist_not_tabulated": 230}, "total_tasks": 489, "updated_utc": "2026-09-24T13:08:33.134784+00:00"}
{"certified_ko": false, "completed_e6": 481, "counts": {"RUNNING": 8, "computed": 481}, "finite_comparison_counts": {"order_differs": 3, "order_matches_extensions_unresolved": 87}, "space_comparison_counts": {"layer_discrepancy": 32, "layers_match": 194, "not_computed": 2, "paper_incomplete": 2, "twist_not_tabulated": 230}, "total_tasks": 489, "updated_utc": "2026-09-24T13:09:33.708473+00:00"}
{"certified_ko": false, "completed_e6": 482, "counts": {"RUNNING": 7, "computed": 482}, "finite_comparison_counts": {"order_differs": 3, "order_matches_extensions_unresolved": 87}, "space_comparison_counts": {"layer_discrepancy": 32, "layers_match": 194, "not_computed": 2, "paper_incomplete": 2, "twist_not_tabulated": 230}, "total_tasks": 489, "updated_utc": "2026-09-24T13:10:35.638016+00:00"}
{"certified_ko": false, "completed_e6": 482, "counts": {"RUNNING": 7, "computed": 482}, "finite_comparison_counts": {"order_differs": 3, "order_matches_extensions_unresolved": 87}, "space_comparison_counts": {"layer_discrepancy": 32, "layers_match": 194, "not_computed": 2, "paper_incomplete": 2, "twist_not_tabulated": 230}, "total_tasks": 489, "updated_utc": "2026-09-24T13:11:36.216954+00:00"}
{"certified_ko": false, "completed_e6": 482, "counts": {"RUNNING": 7, "computed": 482}, "finite_comparison_counts": {"order_differs": 3, "order_matches_extensions_unresolved": 87}, "space_comparison_counts": {"layer_discrepancy": 32, "layers_match": 194, "not_computed": 2, "paper_incomplete": 2, "twist_not_tabulated": 230}, "total_tasks": 489, "updated_utc": "2026-09-24T13:12:36.785442+00:00"}
{"certified_ko": false, "completed_e6": 482, "counts": {"RUNNING": 7, "computed": 482}, "finite_comparison_counts": {"order_differs": 3, "order_matches_extensions_unresolved": 87}, "space_comparison_counts": {"layer_discrepancy": 32, "layers_match": 194, "not_computed": 2, "paper_incomplete": 2, "twist_not_tabulated": 230}, "total_tasks": 489, "updated_utc": "2026-09-24T13:13:37.351533+00:00"}
{"certified_ko": false, "completed_e6": 483, "counts": {"RUNNING": 6, "computed": 483}, "finite_comparison_counts": {"order_differs": 3, "order_matches_extensions_unresolved": 87}, "space_comparison_counts": {"layer_discrepancy": 32, "layers_match": 194, "not_computed": 2, "paper_incomplete": 2, "twist_not_tabulated": 230}, "total_tasks": 489, "updated_utc": "2026-09-24T13:14:38.029172+00:00"}
{"certified_ko": false, "completed_e6": 483, "counts": {"RUNNING": 6, "computed": 483}, "finite_comparison_counts": {"order_differs": 3, "order_matches_extensions_unresolved": 87}, "space_comparison_counts": {"layer_discrepancy": 32, "layers_match": 194, "not_computed": 2, "paper_incomplete": 2, "twist_not_tabulated": 230}, "total_tasks": 489, "updated_utc": "2026-09-24T13:15:38.606032+00:00"}
{"certified_ko": false, "completed_e6": 483, "counts": {"RUNNING": 6, "computed": 483}, "finite_comparison_counts": {"order_differs": 3, "order_matches_extensions_unresolved": 87}, "space_comparison_counts": {"layer_discrepancy": 32, "layers_match": 194, "not_computed": 2, "paper_incomplete": 2, "twist_not_tabulated": 230}, "total_tasks": 489, "updated_utc": "2026-09-24T13:16:39.169806+00:00"}
{"certified_ko": false, "completed_e6": 483, "counts": {"RUNNING": 6, "computed": 483}, "finite_comparison_counts": {"order_differs": 3, "order_matches_extensions_unresolved": 87}, "space_comparison_counts": {"layer_discrepancy": 32, "layers_match": 194, "not_computed": 2, "paper_incomplete": 2, "twist_not_tabulated": 230}, "total_tasks": 489, "updated_utc": "2026-09-24T13:17:39.729743+00:00"}
{"certified_ko": false, "completed_e6": 483, "counts": {"RUNNING": 6, "computed": 483}, "finite_comparison_counts": {"order_differs": 3, "order_matches_extensions_unresolved": 87}, "space_comparison_counts": {"layer_discrepancy": 32, "layers_match": 194, "not_computed": 2, "paper_incomplete": 2, "twist_not_tabulated": 230}, "total_tasks": 489, "updated_utc": "2026-09-24T13:18:40.296934+00:00"}
{"certified_ko": false, "completed_e6": 483, "counts": {"RUNNING": 6, "computed": 483}, "finite_comparison_counts": {"order_differs": 3, "order_matches_extensions_unresolved": 87}, "space_comparison_counts": {"layer_discrepancy": 32, "layers_match": 194, "not_computed": 2, "paper_incomplete": 2, "twist_not_tabulated": 230}, "total_tasks": 489, "updated_utc": "2026-09-24T13:19:40.858650+00:00"}
{"certified_ko": false, "completed_e6": 483, "counts": {"RUNNING": 6, "computed": 483}, "finite_comparison_counts": {"order_differs": 3, "order_matches_extensions_unresolved": 87}, "space_comparison_counts": {"layer_discrepancy": 32, "layers_match": 194, "not_computed": 2, "paper_incomplete": 2, "twist_not_tabulated": 230}, "total_tasks": 489, "updated_utc": "2026-09-24T13:20:41.418033+00:00"}
{"certified_ko": false, "completed_e6": 483, "counts": {"RUNNING": 6, "computed": 483}, "finite_comparison_counts": {"order_differs": 3, "order_matches_extensions_unresolved": 87}, "space_comparison_counts": {"layer_discrepancy": 32, "layers_match": 194, "not_computed": 2, "paper_incomplete": 2, "twist_not_tabulated": 230}, "total_tasks": 489, "updated_utc": "2026-09-24T13:21:41.988520+00:00"}
{"certified_ko": false, "completed_e6": 483, "counts": {"RUNNING": 6, "computed": 483}, "finite_comparison_counts": {"order_differs": 3, "order_matches_extensions_unresolved": 87}, "space_comparison_counts": {"layer_discrepancy": 32, "layers_match": 194, "not_computed": 2, "paper_incomplete": 2, "twist_not_tabulated": 230}, "total_tasks": 489, "updated_utc": "2026-09-24T13:22:42.555305+00:00"}
{"certified_ko": false, "completed_e6": 483, "counts": {"RUNNING": 6, "computed": 483}, "finite_comparison_counts": {"order_differs": 3, "order_matches_extensions_unresolved": 87}, "space_comparison_counts": {"layer_discrepancy": 32, "layers_match": 194, "not_computed": 2, "paper_incomplete": 2, "twist_not_tabulated": 230}, "total_tasks": 489, "updated_utc": "2026-09-24T13:23:43.121717+00:00"}
{"certified_ko": false, "completed_e6": 483, "counts": {"RUNNING": 6, "computed": 483}, "finite_comparison_counts": {"order_differs": 3, "order_matches_extensions_unresolved": 87}, "space_comparison_counts": {"layer_discrepancy": 32, "layers_match": 194, "not_computed": 2, "paper_incomplete": 2, "twist_not_tabulated": 230}, "total_tasks": 489, "updated_utc": "2026-09-24T13:24:43.683492+00:00"}
{"certified_ko": false, "completed_e6": 483, "counts": {"RUNNING": 6, "computed": 483}, "finite_comparison_counts": {"order_differs": 3, "order_matches_extensions_unresolved": 87}, "space_comparison_counts": {"layer_discrepancy": 32, "layers_match": 194, "not_computed": 2, "paper_incomplete": 2, "twist_not_tabulated": 230}, "total_tasks": 489, "updated_utc": "2026-09-24T13:25:44.247851+00:00"}
{"certified_ko": false, "completed_e6": 483, "counts": {"RUNNING": 6, "computed": 483}, "finite_comparison_counts": {"order_differs": 3, "order_matches_extensions_unresolved": 87}, "space_comparison_counts": {"layer_discrepancy": 32, "layers_match": 194, "not_computed": 2, "paper_incomplete": 2, "twist_not_tabulated": 230}, "total_tasks": 489, "updated_utc": "2026-09-24T13:26:44.812129+00:00"}
{"certified_ko": false, "completed_e6": 483, "counts": {"RUNNING": 6, "computed": 483}, "finite_comparison_counts": {"order_differs": 3, "order_matches_extensions_unresolved": 87}, "space_comparison_counts": {"layer_discrepancy": 32, "layers_match": 194, "not_computed": 2, "paper_incomplete": 2, "twist_not_tabulated": 230}, "total_tasks": 489, "updated_utc": "2026-09-24T13:27:45.373632+00:00"}
{"certified_ko": false, "completed_e6": 484, "counts": {"RUNNING": 5, "computed": 484}, "finite_comparison_counts": {"order_differs": 3, "order_matches_extensions_unresolved": 87}, "space_comparison_counts": {"layer_discrepancy": 33, "layers_match": 194, "not_computed": 1, "paper_incomplete": 2, "twist_not_tabulated": 230}, "total_tasks": 489, "updated_utc": "2026-09-24T13:28:46.042565+00:00"}
{"certified_ko": false, "completed_e6": 484, "counts": {"RUNNING": 5, "computed": 484}, "finite_comparison_counts": {"order_differs": 3, "order_matches_extensions_unresolved": 87}, "space_comparison_counts": {"layer_discrepancy": 33, "layers_match": 194, "not_computed": 1, "paper_incomplete": 2, "twist_not_tabulated": 230}, "total_tasks": 489, "updated_utc": "2026-09-24T13:29:46.607754+00:00"}
{"certified_ko": false, "completed_e6": 484, "counts": {"RUNNING": 5, "computed": 484}, "finite_comparison_counts": {"order_differs": 3, "order_matches_extensions_unresolved": 87}, "space_comparison_counts": {"layer_discrepancy": 33, "layers_match": 194, "not_computed": 1, "paper_incomplete": 2, "twist_not_tabulated": 230}, "total_tasks": 489, "updated_utc": "2026-09-24T13:30:47.179616+00:00"}
{"certified_ko": false, "completed_e6": 484, "counts": {"RUNNING": 5, "computed": 484}, "finite_comparison_counts": {"order_differs": 3, "order_matches_extensions_unresolved": 87}, "space_comparison_counts": {"layer_discrepancy": 33, "layers_match": 194, "not_computed": 1, "paper_incomplete": 2, "twist_not_tabulated": 230}, "total_tasks": 489, "updated_utc": "2026-09-24T13:31:47.741144+00:00"}
{"certified_ko": false, "completed_e6": 484, "counts": {"RUNNING": 5, "computed": 484}, "finite_comparison_counts": {"order_differs": 3, "order_matches_extensions_unresolved": 87}, "space_comparison_counts": {"layer_discrepancy": 33, "layers_match": 194, "not_computed": 1, "paper_incomplete": 2, "twist_not_tabulated": 230}, "total_tasks": 489, "updated_utc": "2026-09-24T13:32:48.306191+00:00"}
{"certified_ko": false, "completed_e6": 484, "counts": {"RUNNING": 5, "computed": 484}, "finite_comparison_counts": {"order_differs": 3, "order_matches_extensions_unresolved": 87}, "space_comparison_counts": {"layer_discrepancy": 33, "layers_match": 194, "not_computed": 1, "paper_incomplete": 2, "twist_not_tabulated": 230}, "total_tasks": 489, "updated_utc": "2026-09-24T13:33:48.866189+00:00"}
{"certified_ko": false, "completed_e6": 485, "counts": {"RUNNING": 4, "computed": 485}, "finite_comparison_counts": {"order_differs": 3, "order_matches_extensions_unresolved": 87}, "space_comparison_counts": {"layer_discrepancy": 33, "layers_match": 194, "not_computed": 1, "paper_incomplete": 2, "twist_not_tabulated": 230}, "total_tasks": 489, "updated_utc": "2026-09-24T13:34:49.531566+00:00"}
{"certified_ko": false, "completed_e6": 485, "counts": {"RUNNING": 4, "computed": 485}, "finite_comparison_counts": {"order_differs": 3, "order_matches_extensions_unresolved": 87}, "space_comparison_counts": {"layer_discrepancy": 33, "layers_match": 194, "not_computed": 1, "paper_incomplete": 2, "twist_not_tabulated": 230}, "total_tasks": 489, "updated_utc": "2026-09-24T13:35:50.095800+00:00"}
{"certified_ko": false, "completed_e6": 485, "counts": {"RUNNING": 4, "computed": 485}, "finite_comparison_counts": {"order_differs": 3, "order_matches_extensions_unresolved": 87}, "space_comparison_counts": {"layer_discrepancy": 33, "layers_match": 194, "not_computed": 1, "paper_incomplete": 2, "twist_not_tabulated": 230}, "total_tasks": 489, "updated_utc": "2026-09-24T13:36:50.655264+00:00"}
{"certified_ko": false, "completed_e6": 485, "counts": {"RUNNING": 4, "computed": 485}, "finite_comparison_counts": {"order_differs": 3, "order_matches_extensions_unresolved": 87}, "space_comparison_counts": {"layer_discrepancy": 33, "layers_match": 194, "not_computed": 1, "paper_incomplete": 2, "twist_not_tabulated": 230}, "total_tasks": 489, "updated_utc": "2026-09-24T13:37:51.218247+00:00"}
{"certified_ko": false, "completed_e6": 485, "counts": {"RUNNING": 4, "computed": 485}, "finite_comparison_counts": {"order_differs": 3, "order_matches_extensions_unresolved": 87}, "space_comparison_counts": {"layer_discrepancy": 33, "layers_match": 194, "not_computed": 1, "paper_incomplete": 2, "twist_not_tabulated": 230}, "total_tasks": 489, "updated_utc": "2026-09-24T13:38:51.777443+00:00"}
{"certified_ko": false, "completed_e6": 485, "counts": {"RUNNING": 4, "computed": 485}, "finite_comparison_counts": {"order_differs": 3, "order_matches_extensions_unresolved": 87}, "space_comparison_counts": {"layer_discrepancy": 33, "layers_match": 194, "not_computed": 1, "paper_incomplete": 2, "twist_not_tabulated": 230}, "total_tasks": 489, "updated_utc": "2026-09-24T13:39:52.342198+00:00"}
{"certified_ko": false, "completed_e6": 485, "counts": {"RUNNING": 4, "computed": 485}, "finite_comparison_counts": {"order_differs": 3, "order_matches_extensions_unresolved": 87}, "space_comparison_counts": {"layer_discrepancy": 33, "layers_match": 194, "not_computed": 1, "paper_incomplete": 2, "twist_not_tabulated": 230}, "total_tasks": 489, "updated_utc": "2026-09-24T13:40:52.901198+00:00"}
{"certified_ko": false, "completed_e6": 485, "counts": {"RUNNING": 4, "computed": 485}, "finite_comparison_counts": {"order_differs": 3, "order_matches_extensions_unresolved": 87}, "space_comparison_counts": {"layer_discrepancy": 33, "layers_match": 194, "not_computed": 1, "paper_incomplete": 2, "twist_not_tabulated": 230}, "total_tasks": 489, "updated_utc": "2026-09-24T13:41:53.461989+00:00"}
{"certified_ko": false, "completed_e6": 485, "counts": {"RUNNING": 4, "computed": 485}, "finite_comparison_counts": {"order_differs": 3, "order_matches_extensions_unresolved": 87}, "space_comparison_counts": {"layer_discrepancy": 33, "layers_match": 194, "not_computed": 1, "paper_incomplete": 2, "twist_not_tabulated": 230}, "total_tasks": 489, "updated_utc": "2026-09-24T13:42:54.022397+00:00"}
{"certified_ko": false, "completed_e6": 485, "counts": {"RUNNING": 4, "computed": 485}, "finite_comparison_counts": {"order_differs": 3, "order_matches_extensions_unresolved": 87}, "space_comparison_counts": {"layer_discrepancy": 33, "layers_match": 194, "not_computed": 1, "paper_incomplete": 2, "twist_not_tabulated": 230}, "total_tasks": 489, "updated_utc": "2026-09-24T13:43:54.585680+00:00"}
{"certified_ko": false, "completed_e6": 485, "counts": {"RUNNING": 4, "computed": 485}, "finite_comparison_counts": {"order_differs": 3, "order_matches_extensions_unresolved": 87}, "space_comparison_counts": {"layer_discrepancy": 33, "layers_match": 194, "not_computed": 1, "paper_incomplete": 2, "twist_not_tabulated": 230}, "total_tasks": 489, "updated_utc": "2026-09-24T13:44:55.150617+00:00"}
{"certified_ko": false, "completed_e6": 485, "counts": {"RUNNING": 4, "computed": 485}, "finite_comparison_counts": {"order_differs": 3, "order_matches_extensions_unresolved": 87}, "space_comparison_counts": {"layer_discrepancy": 33, "layers_match": 194, "not_computed": 1, "paper_incomplete": 2, "twist_not_tabulated": 230}, "total_tasks": 489, "updated_utc": "2026-09-24T13:45:55.714126+00:00"}
{"certified_ko": false, "completed_e6": 485, "counts": {"RUNNING": 4, "computed": 485}, "finite_comparison_counts": {"order_differs": 3, "order_matches_extensions_unresolved": 87}, "space_comparison_counts": {"layer_discrepancy": 33, "layers_match": 194, "not_computed": 1, "paper_incomplete": 2, "twist_not_tabulated": 230}, "total_tasks": 489, "updated_utc": "2026-09-24T13:46:56.278014+00:00"}
{"certified_ko": false, "completed_e6": 485, "counts": {"RUNNING": 4, "computed": 485}, "finite_comparison_counts": {"order_differs": 3, "order_matches_extensions_unresolved": 87}, "space_comparison_counts": {"layer_discrepancy": 33, "layers_match": 194, "not_computed": 1, "paper_incomplete": 2, "twist_not_tabulated": 230}, "total_tasks": 489, "updated_utc": "2026-09-24T13:47:56.839895+00:00"}
{"certified_ko": false, "completed_e6": 485, "counts": {"RUNNING": 4, "computed": 485}, "finite_comparison_counts": {"order_differs": 3, "order_matches_extensions_unresolved": 87}, "space_comparison_counts": {"layer_discrepancy": 33, "layers_match": 194, "not_computed": 1, "paper_incomplete": 2, "twist_not_tabulated": 230}, "total_tasks": 489, "updated_utc": "2026-09-24T13:48:57.400365+00:00"}
{"certified_ko": false, "completed_e6": 485, "counts": {"RUNNING": 4, "computed": 485}, "finite_comparison_counts": {"order_differs": 3, "order_matches_extensions_unresolved": 87}, "space_comparison_counts": {"layer_discrepancy": 33, "layers_match": 194, "not_computed": 1, "paper_incomplete": 2, "twist_not_tabulated": 230}, "total_tasks": 489, "updated_utc": "2026-09-24T13:49:57.964103+00:00"}
{"certified_ko": false, "completed_e6": 485, "counts": {"RUNNING": 4, "computed": 485}, "finite_comparison_counts": {"order_differs": 3, "order_matches_extensions_unresolved": 87}, "space_comparison_counts": {"layer_discrepancy": 33, "layers_match": 194, "not_computed": 1, "paper_incomplete": 2, "twist_not_tabulated": 230}, "total_tasks": 489, "updated_utc": "2026-09-24T13:50:58.526196+00:00"}
{"certified_ko": false, "completed_e6": 485, "counts": {"RUNNING": 4, "computed": 485}, "finite_comparison_counts": {"order_differs": 3, "order_matches_extensions_unresolved": 87}, "space_comparison_counts": {"layer_discrepancy": 33, "layers_match": 194, "not_computed": 1, "paper_incomplete": 2, "twist_not_tabulated": 230}, "total_tasks": 489, "updated_utc": "2026-09-24T13:51:59.090107+00:00"}
{"certified_ko": false, "completed_e6": 485, "counts": {"RUNNING": 4, "computed": 485}, "finite_comparison_counts": {"order_differs": 3, "order_matches_extensions_unresolved": 87}, "space_comparison_counts": {"layer_discrepancy": 33, "layers_match": 194, "not_computed": 1, "paper_incomplete": 2, "twist_not_tabulated": 230}, "total_tasks": 489, "updated_utc": "2026-09-24T13:52:59.657364+00:00"}
{"certified_ko": false, "completed_e6": 485, "counts": {"RUNNING": 4, "computed": 485}, "finite_comparison_counts": {"order_differs": 3, "order_matches_extensions_unresolved": 87}, "space_comparison_counts": {"layer_discrepancy": 33, "layers_match": 194, "not_computed": 1, "paper_incomplete": 2, "twist_not_tabulated": 230}, "total_tasks": 489, "updated_utc": "2026-09-24T13:54:00.219047+00:00"}
{"certified_ko": false, "completed_e6": 485, "counts": {"RUNNING": 4, "computed": 485}, "finite_comparison_counts": {"order_differs": 3, "order_matches_extensions_unresolved": 87}, "space_comparison_counts": {"layer_discrepancy": 33, "layers_match": 194, "not_computed": 1, "paper_incomplete": 2, "twist_not_tabulated": 230}, "total_tasks": 489, "updated_utc": "2026-09-24T13:55:00.777845+00:00"}
{"certified_ko": false, "completed_e6": 485, "counts": {"RUNNING": 4, "computed": 485}, "finite_comparison_counts": {"order_differs": 3, "order_matches_extensions_unresolved": 87}, "space_comparison_counts": {"layer_discrepancy": 33, "layers_match": 194, "not_computed": 1, "paper_incomplete": 2, "twist_not_tabulated": 230}, "total_tasks": 489, "updated_utc": "2026-09-24T13:56:01.342484+00:00"}
{"certified_ko": false, "completed_e6": 485, "counts": {"RUNNING": 4, "computed": 485}, "finite_comparison_counts": {"order_differs": 3, "order_matches_extensions_unresolved": 87}, "space_comparison_counts": {"layer_discrepancy": 33, "layers_match": 194, "not_computed": 1, "paper_incomplete": 2, "twist_not_tabulated": 230}, "total_tasks": 489, "updated_utc": "2026-09-24T13:57:01.907066+00:00"}
{"certified_ko": false, "completed_e6": 485, "counts": {"RUNNING": 4, "computed": 485}, "finite_comparison_counts": {"order_differs": 3, "order_matches_extensions_unresolved": 87}, "space_comparison_counts": {"layer_discrepancy": 33, "layers_match": 194, "not_computed": 1, "paper_incomplete": 2, "twist_not_tabulated": 230}, "total_tasks": 489, "updated_utc": "2026-09-24T13:58:02.576004+00:00"}
{"certified_ko": false, "completed_e6": 485, "counts": {"RUNNING": 4, "computed": 485}, "finite_comparison_counts": {"order_differs": 3, "order_matches_extensions_unresolved": 87}, "space_comparison_counts": {"layer_discrepancy": 33, "layers_match": 194, "not_computed": 1, "paper_incomplete": 2, "twist_not_tabulated": 230}, "total_tasks": 489, "updated_utc": "2026-09-24T13:59:03.138371+00:00"}
{"certified_ko": false, "completed_e6": 485, "counts": {"RUNNING": 4, "computed": 485}, "finite_comparison_counts": {"order_differs": 3, "order_matches_extensions_unresolved": 87}, "space_comparison_counts": {"layer_discrepancy": 33, "layers_match": 194, "not_computed": 1, "paper_incomplete": 2, "twist_not_tabulated": 230}, "total_tasks": 489, "updated_utc": "2026-09-24T14:00:05.031965+00:00"}
{"certified_ko": false, "completed_e6": 485, "counts": {"RUNNING": 4, "computed": 485}, "finite_comparison_counts": {"order_differs": 3, "order_matches_extensions_unresolved": 87}, "space_comparison_counts": {"layer_discrepancy": 33, "layers_match": 194, "not_computed": 1, "paper_incomplete": 2, "twist_not_tabulated": 230}, "total_tasks": 489, "updated_utc": "2026-09-24T14:01:05.593853+00:00"}
{"certified_ko": false, "completed_e6": 485, "counts": {"RUNNING": 4, "computed": 485}, "finite_comparison_counts": {"order_differs": 3, "order_matches_extensions_unresolved": 87}, "space_comparison_counts": {"layer_discrepancy": 33, "layers_match": 194, "not_computed": 1, "paper_incomplete": 2, "twist_not_tabulated": 230}, "total_tasks": 489, "updated_utc": "2026-09-24T14:02:06.400548+00:00"}
{"certified_ko": false, "completed_e6": 485, "counts": {"RUNNING": 4, "computed": 485}, "finite_comparison_counts": {"order_differs": 3, "order_matches_extensions_unresolved": 87}, "space_comparison_counts": {"layer_discrepancy": 33, "layers_match": 194, "not_computed": 1, "paper_incomplete": 2, "twist_not_tabulated": 230}, "total_tasks": 489, "updated_utc": "2026-09-24T14:03:06.969114+00:00"}
{"certified_ko": false, "completed_e6": 485, "counts": {"RUNNING": 4, "computed": 485}, "finite_comparison_counts": {"order_differs": 3, "order_matches_extensions_unresolved": 87}, "space_comparison_counts": {"layer_discrepancy": 33, "layers_match": 194, "not_computed": 1, "paper_incomplete": 2, "twist_not_tabulated": 230}, "total_tasks": 489, "updated_utc": "2026-09-24T14:04:07.536678+00:00"}
{"certified_ko": false, "completed_e6": 485, "counts": {"RUNNING": 4, "computed": 485}, "finite_comparison_counts": {"order_differs": 3, "order_matches_extensions_unresolved": 87}, "space_comparison_counts": {"layer_discrepancy": 33, "layers_match": 194, "not_computed": 1, "paper_incomplete": 2, "twist_not_tabulated": 230}, "total_tasks": 489, "updated_utc": "2026-09-24T14:05:08.099240+00:00"}
{"certified_ko": false, "completed_e6": 485, "counts": {"RUNNING": 4, "computed": 485}, "finite_comparison_counts": {"order_differs": 3, "order_matches_extensions_unresolved": 87}, "space_comparison_counts": {"layer_discrepancy": 33, "layers_match": 194, "not_computed": 1, "paper_incomplete": 2, "twist_not_tabulated": 230}, "total_tasks": 489, "updated_utc": "2026-09-24T14:06:08.663561+00:00"}
{"certified_ko": false, "completed_e6": 485, "counts": {"RUNNING": 4, "computed": 485}, "finite_comparison_counts": {"order_differs": 3, "order_matches_extensions_unresolved": 87}, "space_comparison_counts": {"layer_discrepancy": 33, "layers_match": 194, "not_computed": 1, "paper_incomplete": 2, "twist_not_tabulated": 230}, "total_tasks": 489, "updated_utc": "2026-09-24T14:07:09.221168+00:00"}
{"certified_ko": false, "completed_e6": 485, "counts": {"RUNNING": 4, "computed": 485}, "finite_comparison_counts": {"order_differs": 3, "order_matches_extensions_unresolved": 87}, "space_comparison_counts": {"layer_discrepancy": 33, "layers_match": 194, "not_computed": 1, "paper_incomplete": 2, "twist_not_tabulated": 230}, "total_tasks": 489, "updated_utc": "2026-09-24T14:08:09.782203+00:00"}
{"certified_ko": false, "completed_e6": 485, "counts": {"RUNNING": 4, "computed": 485}, "finite_comparison_counts": {"order_differs": 3, "order_matches_extensions_unresolved": 87}, "space_comparison_counts": {"layer_discrepancy": 33, "layers_match": 194, "not_computed": 1, "paper_incomplete": 2, "twist_not_tabulated": 230}, "total_tasks": 489, "updated_utc": "2026-09-24T14:09:10.342219+00:00"}
{"certified_ko": false, "completed_e6": 485, "counts": {"RUNNING": 4, "computed": 485}, "finite_comparison_counts": {"order_differs": 3, "order_matches_extensions_unresolved": 87}, "space_comparison_counts": {"layer_discrepancy": 33, "layers_match": 194, "not_computed": 1, "paper_incomplete": 2, "twist_not_tabulated": 230}, "total_tasks": 489, "updated_utc": "2026-09-24T14:10:10.904859+00:00"}
{"certified_ko": false, "completed_e6": 485, "counts": {"RUNNING": 4, "computed": 485}, "finite_comparison_counts": {"order_differs": 3, "order_matches_extensions_unresolved": 87}, "space_comparison_counts": {"layer_discrepancy": 33, "layers_match": 194, "not_computed": 1, "paper_incomplete": 2, "twist_not_tabulated": 230}, "total_tasks": 489, "updated_utc": "2026-09-24T14:11:11.467767+00:00"}
{"certified_ko": false, "completed_e6": 485, "counts": {"RUNNING": 4, "computed": 485}, "finite_comparison_counts": {"order_differs": 3, "order_matches_extensions_unresolved": 87}, "space_comparison_counts": {"layer_discrepancy": 33, "layers_match": 194, "not_computed": 1, "paper_incomplete": 2, "twist_not_tabulated": 230}, "total_tasks": 489, "updated_utc": "2026-09-24T14:12:12.028894+00:00"}
{"certified_ko": false, "completed_e6": 485, "counts": {"RUNNING": 4, "computed": 485}, "finite_comparison_counts": {"order_differs": 3, "order_matches_extensions_unresolved": 87}, "space_comparison_counts": {"layer_discrepancy": 33, "layers_match": 194, "not_computed": 1, "paper_incomplete": 2, "twist_not_tabulated": 230}, "total_tasks": 489, "updated_utc": "2026-09-24T14:13:12.590784+00:00"}
{"certified_ko": false, "completed_e6": 485, "counts": {"RUNNING": 4, "computed": 485}, "finite_comparison_counts": {"order_differs": 3, "order_matches_extensions_unresolved": 87}, "space_comparison_counts": {"layer_discrepancy": 33, "layers_match": 194, "not_computed": 1, "paper_incomplete": 2, "twist_not_tabulated": 230}, "total_tasks": 489, "updated_utc": "2026-09-24T14:14:13.151395+00:00"}
{"certified_ko": false, "completed_e6": 485, "counts": {"RUNNING": 4, "computed": 485}, "finite_comparison_counts": {"order_differs": 3, "order_matches_extensions_unresolved": 87}, "space_comparison_counts": {"layer_discrepancy": 33, "layers_match": 194, "not_computed": 1, "paper_incomplete": 2, "twist_not_tabulated": 230}, "total_tasks": 489, "updated_utc": "2026-09-24T14:15:13.711795+00:00"}
{"certified_ko": false, "completed_e6": 485, "counts": {"RUNNING": 4, "computed": 485}, "finite_comparison_counts": {"order_differs": 3, "order_matches_extensions_unresolved": 87}, "space_comparison_counts": {"layer_discrepancy": 33, "layers_match": 194, "not_computed": 1, "paper_incomplete": 2, "twist_not_tabulated": 230}, "total_tasks": 489, "updated_utc": "2026-09-24T14:16:14.376293+00:00"}
{"certified_ko": false, "completed_e6": 485, "counts": {"RUNNING": 4, "computed": 485}, "finite_comparison_counts": {"order_differs": 3, "order_matches_extensions_unresolved": 87}, "space_comparison_counts": {"layer_discrepancy": 33, "layers_match": 194, "not_computed": 1, "paper_incomplete": 2, "twist_not_tabulated": 230}, "total_tasks": 489, "updated_utc": "2026-09-24T14:17:15.041426+00:00"}
{"certified_ko": false, "completed_e6": 485, "counts": {"RUNNING": 4, "computed": 485}, "finite_comparison_counts": {"order_differs": 3, "order_matches_extensions_unresolved": 87}, "space_comparison_counts": {"layer_discrepancy": 33, "layers_match": 194, "not_computed": 1, "paper_incomplete": 2, "twist_not_tabulated": 230}, "total_tasks": 489, "updated_utc": "2026-09-24T14:18:15.602522+00:00"}
{"certified_ko": false, "completed_e6": 485, "counts": {"RUNNING": 4, "computed": 485}, "finite_comparison_counts": {"order_differs": 3, "order_matches_extensions_unresolved": 87}, "space_comparison_counts": {"layer_discrepancy": 33, "layers_match": 194, "not_computed": 1, "paper_incomplete": 2, "twist_not_tabulated": 230}, "total_tasks": 489, "updated_utc": "2026-09-24T14:19:16.161727+00:00"}
{"certified_ko": false, "completed_e6": 485, "counts": {"RUNNING": 4, "computed": 485}, "finite_comparison_counts": {"order_differs": 3, "order_matches_extensions_unresolved": 87}, "space_comparison_counts": {"layer_discrepancy": 33, "layers_match": 194, "not_computed": 1, "paper_incomplete": 2, "twist_not_tabulated": 230}, "total_tasks": 489, "updated_utc": "2026-09-24T14:20:16.726808+00:00"}
{"certified_ko": false, "completed_e6": 485, "counts": {"RUNNING": 4, "computed": 485}, "finite_comparison_counts": {"order_differs": 3, "order_matches_extensions_unresolved": 87}, "space_comparison_counts": {"layer_discrepancy": 33, "layers_match": 194, "not_computed": 1, "paper_incomplete": 2, "twist_not_tabulated": 230}, "total_tasks": 489, "updated_utc": "2026-09-24T14:21:17.294246+00:00"}
{"certified_ko": false, "completed_e6": 485, "counts": {"RUNNING": 4, "computed": 485}, "finite_comparison_counts": {"order_differs": 3, "order_matches_extensions_unresolved": 87}, "space_comparison_counts": {"layer_discrepancy": 33, "layers_match": 194, "not_computed": 1, "paper_incomplete": 2, "twist_not_tabulated": 230}, "total_tasks": 489, "updated_utc": "2026-09-24T14:22:17.858879+00:00"}
{"certified_ko": false, "completed_e6": 485, "counts": {"RUNNING": 4, "computed": 485}, "finite_comparison_counts": {"order_differs": 3, "order_matches_extensions_unresolved": 87}, "space_comparison_counts": {"layer_discrepancy": 33, "layers_match": 194, "not_computed": 1, "paper_incomplete": 2, "twist_not_tabulated": 230}, "total_tasks": 489, "updated_utc": "2026-09-24T14:23:18.424926+00:00"}
{"certified_ko": false, "completed_e6": 486, "counts": {"RUNNING": 3, "computed": 486}, "finite_comparison_counts": {"order_differs": 3, "order_matches_extensions_unresolved": 87}, "space_comparison_counts": {"layer_discrepancy": 33, "layers_match": 194, "not_computed": 1, "paper_incomplete": 2, "twist_not_tabulated": 230}, "total_tasks": 489, "updated_utc": "2026-09-24T14:24:21.774426+00:00"}
{"certified_ko": false, "completed_e6": 486, "counts": {"RUNNING": 3, "computed": 486}, "finite_comparison_counts": {"order_differs": 3, "order_matches_extensions_unresolved": 87}, "space_comparison_counts": {"layer_discrepancy": 33, "layers_match": 194, "not_computed": 1, "paper_incomplete": 2, "twist_not_tabulated": 230}, "total_tasks": 489, "updated_utc": "2026-09-24T14:25:22.339847+00:00"}
{"certified_ko": false, "completed_e6": 486, "counts": {"RUNNING": 3, "computed": 486}, "finite_comparison_counts": {"order_differs": 3, "order_matches_extensions_unresolved": 87}, "space_comparison_counts": {"layer_discrepancy": 33, "layers_match": 194, "not_computed": 1, "paper_incomplete": 2, "twist_not_tabulated": 230}, "total_tasks": 489, "updated_utc": "2026-09-24T14:26:22.900765+00:00"}
{"certified_ko": false, "completed_e6": 486, "counts": {"RUNNING": 3, "computed": 486}, "finite_comparison_counts": {"order_differs": 3, "order_matches_extensions_unresolved": 87}, "space_comparison_counts": {"layer_discrepancy": 33, "layers_match": 194, "not_computed": 1, "paper_incomplete": 2, "twist_not_tabulated": 230}, "total_tasks": 489, "updated_utc": "2026-09-24T14:27:23.462349+00:00"}
{"certified_ko": false, "completed_e6": 486, "counts": {"RUNNING": 3, "computed": 486}, "finite_comparison_counts": {"order_differs": 3, "order_matches_extensions_unresolved": 87}, "space_comparison_counts": {"layer_discrepancy": 33, "layers_match": 194, "not_computed": 1, "paper_incomplete": 2, "twist_not_tabulated": 230}, "total_tasks": 489, "updated_utc": "2026-09-24T14:28:24.128995+00:00"}
{"certified_ko": false, "completed_e6": 486, "counts": {"RUNNING": 3, "computed": 486}, "finite_comparison_counts": {"order_differs": 3, "order_matches_extensions_unresolved": 87}, "space_comparison_counts": {"layer_discrepancy": 33, "layers_match": 194, "not_computed": 1, "paper_incomplete": 2, "twist_not_tabulated": 230}, "total_tasks": 489, "updated_utc": "2026-09-24T14:29:24.791332+00:00"}
{"certified_ko": false, "completed_e6": 486, "counts": {"RUNNING": 3, "computed": 486}, "finite_comparison_counts": {"order_differs": 3, "order_matches_extensions_unresolved": 87}, "space_comparison_counts": {"layer_discrepancy": 33, "layers_match": 194, "not_computed": 1, "paper_incomplete": 2, "twist_not_tabulated": 230}, "total_tasks": 489, "updated_utc": "2026-09-24T14:30:25.354263+00:00"}
{"certified_ko": false, "completed_e6": 486, "counts": {"RUNNING": 3, "computed": 486}, "finite_comparison_counts": {"order_differs": 3, "order_matches_extensions_unresolved": 87}, "space_comparison_counts": {"layer_discrepancy": 33, "layers_match": 194, "not_computed": 1, "paper_incomplete": 2, "twist_not_tabulated": 230}, "total_tasks": 489, "updated_utc": "2026-09-24T14:31:25.914165+00:00"}
{"certified_ko": false, "completed_e6": 486, "counts": {"RUNNING": 3, "computed": 486}, "finite_comparison_counts": {"order_differs": 3, "order_matches_extensions_unresolved": 87}, "space_comparison_counts": {"layer_discrepancy": 33, "layers_match": 194, "not_computed": 1, "paper_incomplete": 2, "twist_not_tabulated": 230}, "total_tasks": 489, "updated_utc": "2026-09-24T14:32:26.475345+00:00"}
{"certified_ko": false, "completed_e6": 486, "counts": {"RUNNING": 3, "computed": 486}, "finite_comparison_counts": {"order_differs": 3, "order_matches_extensions_unresolved": 87}, "space_comparison_counts": {"layer_discrepancy": 33, "layers_match": 194, "not_computed": 1, "paper_incomplete": 2, "twist_not_tabulated": 230}, "total_tasks": 489, "updated_utc": "2026-09-24T14:33:27.035186+00:00"}
{"certified_ko": false, "completed_e6": 486, "counts": {"RUNNING": 3, "computed": 486}, "finite_comparison_counts": {"order_differs": 3, "order_matches_extensions_unresolved": 87}, "space_comparison_counts": {"layer_discrepancy": 33, "layers_match": 194, "not_computed": 1, "paper_incomplete": 2, "twist_not_tabulated": 230}, "total_tasks": 489, "updated_utc": "2026-09-24T14:34:27.596817+00:00"}
{"certified_ko": false, "completed_e6": 486, "counts": {"RUNNING": 3, "computed": 486}, "finite_comparison_counts": {"order_differs": 3, "order_matches_extensions_unresolved": 87}, "space_comparison_counts": {"layer_discrepancy": 33, "layers_match": 194, "not_computed": 1, "paper_incomplete": 2, "twist_not_tabulated": 230}, "total_tasks": 489, "updated_utc": "2026-09-24T14:35:28.159590+00:00"}
{"certified_ko": false, "completed_e6": 486, "counts": {"RUNNING": 3, "computed": 486}, "finite_comparison_counts": {"order_differs": 3, "order_matches_extensions_unresolved": 87}, "space_comparison_counts": {"layer_discrepancy": 33, "layers_match": 194, "not_computed": 1, "paper_incomplete": 2, "twist_not_tabulated": 230}, "total_tasks": 489, "updated_utc": "2026-09-24T14:36:28.721993+00:00"}
{"certified_ko": false, "completed_e6": 486, "counts": {"RUNNING": 3, "computed": 486}, "finite_comparison_counts": {"order_differs": 3, "order_matches_extensions_unresolved": 87}, "space_comparison_counts": {"layer_discrepancy": 33, "layers_match": 194, "not_computed": 1, "paper_incomplete": 2, "twist_not_tabulated": 230}, "total_tasks": 489, "updated_utc": "2026-09-24T14:37:29.281119+00:00"}
{"certified_ko": false, "completed_e6": 486, "counts": {"RUNNING": 3, "computed": 486}, "finite_comparison_counts": {"order_differs": 3, "order_matches_extensions_unresolved": 87}, "space_comparison_counts": {"layer_discrepancy": 33, "layers_match": 194, "not_computed": 1, "paper_incomplete": 2, "twist_not_tabulated": 230}, "total_tasks": 489, "updated_utc": "2026-09-24T14:38:29.841479+00:00"}
{"certified_ko": false, "completed_e6": 486, "counts": {"RUNNING": 3, "computed": 486}, "finite_comparison_counts": {"order_differs": 3, "order_matches_extensions_unresolved": 87}, "space_comparison_counts": {"layer_discrepancy": 33, "layers_match": 194, "not_computed": 1, "paper_incomplete": 2, "twist_not_tabulated": 230}, "total_tasks": 489, "updated_utc": "2026-09-24T14:39:30.403103+00:00"}
{"certified_ko": false, "completed_e6": 486, "counts": {"RUNNING": 3, "computed": 486}, "finite_comparison_counts": {"order_differs": 3, "order_matches_extensions_unresolved": 87}, "space_comparison_counts": {"layer_discrepancy": 33, "layers_match": 194, "not_computed": 1, "paper_incomplete": 2, "twist_not_tabulated": 230}, "total_tasks": 489, "updated_utc": "2026-09-24T14:40:30.962406+00:00"}
{"certified_ko": false, "completed_e6": 486, "counts": {"RUNNING": 3, "computed": 486}, "finite_comparison_counts": {"order_differs": 3, "order_matches_extensions_unresolved": 87}, "space_comparison_counts": {"layer_discrepancy": 33, "layers_match": 194, "not_computed": 1, "paper_incomplete": 2, "twist_not_tabulated": 230}, "total_tasks": 489, "updated_utc": "2026-09-24T14:41:31.520898+00:00"}
{"certified_ko": false, "completed_e6": 486, "counts": {"RUNNING": 3, "computed": 486}, "finite_comparison_counts": {"order_differs": 3, "order_matches_extensions_unresolved": 87}, "space_comparison_counts": {"layer_discrepancy": 33, "layers_match": 194, "not_computed": 1, "paper_incomplete": 2, "twist_not_tabulated": 230}, "total_tasks": 489, "updated_utc": "2026-09-24T14:42:32.079998+00:00"}
{"certified_ko": false, "completed_e6": 486, "counts": {"RUNNING": 3, "computed": 486}, "finite_comparison_counts": {"order_differs": 3, "order_matches_extensions_unresolved": 87}, "space_comparison_counts": {"layer_discrepancy": 33, "layers_match": 194, "not_computed": 1, "paper_incomplete": 2, "twist_not_tabulated": 230}, "total_tasks": 489, "updated_utc": "2026-09-24T14:43:32.639448+00:00"}
{"certified_ko": false, "completed_e6": 486, "counts": {"RUNNING": 3, "computed": 486}, "finite_comparison_counts": {"order_differs": 3, "order_matches_extensions_unresolved": 87}, "space_comparison_counts": {"layer_discrepancy": 33, "layers_match": 194, "not_computed": 1, "paper_incomplete": 2, "twist_not_tabulated": 230}, "total_tasks": 489, "updated_utc": "2026-09-24T14:44:33.202597+00:00"}
{"certified_ko": false, "completed_e6": 486, "counts": {"RUNNING": 3, "computed": 486}, "finite_comparison_counts": {"order_differs": 3, "order_matches_extensions_unresolved": 87}, "space_comparison_counts": {"layer_discrepancy": 33, "layers_match": 194, "not_computed": 1, "paper_incomplete": 2, "twist_not_tabulated": 230}, "total_tasks": 489, "updated_utc": "2026-09-24T14:45:33.762346+00:00"}
{"certified_ko": false, "completed_e6": 486, "counts": {"RUNNING": 3, "computed": 486}, "finite_comparison_counts": {"order_differs": 3, "order_matches_extensions_unresolved": 87}, "space_comparison_counts": {"layer_discrepancy": 33, "layers_match": 194, "not_computed": 1, "paper_incomplete": 2, "twist_not_tabulated": 230}, "total_tasks": 489, "updated_utc": "2026-09-24T14:46:34.324844+00:00"}
{"certified_ko": false, "completed_e6": 486, "counts": {"RUNNING": 3, "computed": 486}, "finite_comparison_counts": {"order_differs": 3, "order_matches_extensions_unresolved": 87}, "space_comparison_counts": {"layer_discrepancy": 33, "layers_match": 194, "not_computed": 1, "paper_incomplete": 2, "twist_not_tabulated": 230}, "total_tasks": 489, "updated_utc": "2026-09-24T14:47:34.887863+00:00"}
{"certified_ko": false, "completed_e6": 486, "counts": {"RUNNING": 3, "computed": 486}, "finite_comparison_counts": {"order_differs": 3, "order_matches_extensions_unresolved": 87}, "space_comparison_counts": {"layer_discrepancy": 33, "layers_match": 194, "not_computed": 1, "paper_incomplete": 2, "twist_not_tabulated": 230}, "total_tasks": 489, "updated_utc": "2026-09-24T14:48:35.444505+00:00"}
{"certified_ko": false, "completed_e6": 486, "counts": {"RUNNING": 3, "computed": 486}, "finite_comparison_counts": {"order_differs": 3, "order_matches_extensions_unresolved": 87}, "space_comparison_counts": {"layer_discrepancy": 33, "layers_match": 194, "not_computed": 1, "paper_incomplete": 2, "twist_not_tabulated": 230}, "total_tasks": 489, "updated_utc": "2026-09-24T14:49:36.006787+00:00"}
{"certified_ko": false, "completed_e6": 486, "counts": {"RUNNING": 3, "computed": 486}, "finite_comparison_counts": {"order_differs": 3, "order_matches_extensions_unresolved": 87}, "space_comparison_counts": {"layer_discrepancy": 33, "layers_match": 194, "not_computed": 1, "paper_incomplete": 2, "twist_not_tabulated": 230}, "total_tasks": 489, "updated_utc": "2026-09-24T14:50:36.564750+00:00"}
{"certified_ko": false, "completed_e6": 486, "counts": {"RUNNING": 3, "computed": 486}, "finite_comparison_counts": {"order_differs": 3, "order_matches_extensions_unresolved": 87}, "space_comparison_counts": {"layer_discrepancy": 33, "layers_match": 194, "not_computed": 1, "paper_incomplete": 2, "twist_not_tabulated": 230}, "total_tasks": 489, "updated_utc": "2026-09-24T14:51:37.125376+00:00"}
{"certified_ko": false, "completed_e6": 486, "counts": {"RUNNING": 3, "computed": 486}, "finite_comparison_counts": {"order_differs": 3, "order_matches_extensions_unresolved": 87}, "space_comparison_counts": {"layer_discrepancy": 33, "layers_match": 194, "not_computed": 1, "paper_incomplete": 2, "twist_not_tabulated": 230}, "total_tasks": 489, "updated_utc": "2026-09-24T14:52:37.690829+00:00"}
{"certified_ko": false, "completed_e6": 486, "counts": {"RUNNING": 3, "computed": 486}, "finite_comparison_counts": {"order_differs": 3, "order_matches_extensions_unresolved": 87}, "space_comparison_counts": {"layer_discrepancy": 33, "layers_match": 194, "not_computed": 1, "paper_incomplete": 2, "twist_not_tabulated": 230}, "total_tasks": 489, "updated_utc": "2026-09-24T14:53:38.253323+00:00"}
{"certified_ko": false, "completed_e6": 486, "counts": {"RUNNING": 3, "computed": 486}, "finite_comparison_counts": {"order_differs": 3, "order_matches_extensions_unresolved": 87}, "space_comparison_counts": {"layer_discrepancy": 33, "layers_match": 194, "not_computed": 1, "paper_incomplete": 2, "twist_not_tabulated": 230}, "total_tasks": 489, "updated_utc": "2026-09-24T14:54:38.818011+00:00"}
{"certified_ko": false, "completed_e6": 486, "counts": {"RUNNING": 3, "computed": 486}, "finite_comparison_counts": {"order_differs": 3, "order_matches_extensions_unresolved": 87}, "space_comparison_counts": {"layer_discrepancy": 33, "layers_match": 194, "not_computed": 1, "paper_incomplete": 2, "twist_not_tabulated": 230}, "total_tasks": 489, "updated_utc": "2026-09-24T14:55:39.374003+00:00"}
{"certified_ko": false, "completed_e6": 486, "counts": {"RUNNING": 3, "computed": 486}, "finite_comparison_counts": {"order_differs": 3, "order_matches_extensions_unresolved": 87}, "space_comparison_counts": {"layer_discrepancy": 33, "layers_match": 194, "not_computed": 1, "paper_incomplete": 2, "twist_not_tabulated": 230}, "total_tasks": 489, "updated_utc": "2026-09-24T14:56:39.938208+00:00"}
{"certified_ko": false, "completed_e6": 486, "counts": {"RUNNING": 3, "computed": 486}, "finite_comparison_counts": {"order_differs": 3, "order_matches_extensions_unresolved": 87}, "space_comparison_counts": {"layer_discrepancy": 33, "layers_match": 194, "not_computed": 1, "paper_incomplete": 2, "twist_not_tabulated": 230}, "total_tasks": 489, "updated_utc": "2026-09-24T14:57:40.497753+00:00"}
{"certified_ko": false, "completed_e6": 486, "counts": {"RUNNING": 3, "computed": 486}, "finite_comparison_counts": {"order_differs": 3, "order_matches_extensions_unresolved": 87}, "space_comparison_counts": {"layer_discrepancy": 33, "layers_match": 194, "not_computed": 1, "paper_incomplete": 2, "twist_not_tabulated": 230}, "total_tasks": 489, "updated_utc": "2026-09-24T14:58:41.058754+00:00"}
{"certified_ko": false, "completed_e6": 486, "counts": {"RUNNING": 3, "computed": 486}, "finite_comparison_counts": {"order_differs": 3, "order_matches_extensions_unresolved": 87}, "space_comparison_counts": {"layer_discrepancy": 33, "layers_match": 194, "not_computed": 1, "paper_incomplete": 2, "twist_not_tabulated": 230}, "total_tasks": 489, "updated_utc": "2026-09-24T14:59:41.616639+00:00"}
{"certified_ko": false, "completed_e6": 486, "counts": {"RUNNING": 3, "computed": 486}, "finite_comparison_counts": {"order_differs": 3, "order_matches_extensions_unresolved": 87}, "space_comparison_counts": {"layer_discrepancy": 33, "layers_match": 194, "not_computed": 1, "paper_incomplete": 2, "twist_not_tabulated": 230}, "total_tasks": 489, "updated_utc": "2026-09-24T15:00:42.178866+00:00"}
{"certified_ko": false, "completed_e6": 486, "counts": {"RUNNING": 3, "computed": 486}, "finite_comparison_counts": {"order_differs": 3, "order_matches_extensions_unresolved": 87}, "space_comparison_counts": {"layer_discrepancy": 33, "layers_match": 194, "not_computed": 1, "paper_incomplete": 2, "twist_not_tabulated": 230}, "total_tasks": 489, "updated_utc": "2026-09-24T15:01:42.741090+00:00"}
{"certified_ko": false, "completed_e6": 486, "counts": {"RUNNING": 3, "computed": 486}, "finite_comparison_counts": {"order_differs": 3, "order_matches_extensions_unresolved": 87}, "space_comparison_counts": {"layer_discrepancy": 33, "layers_match": 194, "not_computed": 1, "paper_incomplete": 2, "twist_not_tabulated": 230}, "total_tasks": 489, "updated_utc": "2026-09-24T15:02:43.301502+00:00"}
{"certified_ko": false, "completed_e6": 486, "counts": {"RUNNING": 3, "computed": 486}, "finite_comparison_counts": {"order_differs": 3, "order_matches_extensions_unresolved": 87}, "space_comparison_counts": {"layer_discrepancy": 33, "layers_match": 194, "not_computed": 1, "paper_incomplete": 2, "twist_not_tabulated": 230}, "total_tasks": 489, "updated_utc": "2026-09-24T15:03:43.864492+00:00"}
{"certified_ko": false, "completed_e6": 486, "counts": {"RUNNING": 3, "computed": 486}, "finite_comparison_counts": {"order_differs": 3, "order_matches_extensions_unresolved": 87}, "space_comparison_counts": {"layer_discrepancy": 33, "layers_match": 194, "not_computed": 1, "paper_incomplete": 2, "twist_not_tabulated": 230}, "total_tasks": 489, "updated_utc": "2026-09-24T15:04:44.423754+00:00"}
{"certified_ko": false, "completed_e6": 486, "counts": {"RUNNING": 3, "computed": 486}, "finite_comparison_counts": {"order_differs": 3, "order_matches_extensions_unresolved": 87}, "space_comparison_counts": {"layer_discrepancy": 33, "layers_match": 194, "not_computed": 1, "paper_incomplete": 2, "twist_not_tabulated": 230}, "total_tasks": 489, "updated_utc": "2026-09-24T15:05:44.981808+00:00"}
{"certified_ko": false, "completed_e6": 486, "counts": {"RUNNING": 3, "computed": 486}, "finite_comparison_counts": {"order_differs": 3, "order_matches_extensions_unresolved": 87}, "space_comparison_counts": {"layer_discrepancy": 33, "layers_match": 194, "not_computed": 1, "paper_incomplete": 2, "twist_not_tabulated": 230}, "total_tasks": 489, "updated_utc": "2026-09-24T15:06:45.543101+00:00"}
{"certified_ko": false, "completed_e6": 486, "counts": {"RUNNING": 3, "computed": 486}, "finite_comparison_counts": {"order_differs": 3, "order_matches_extensions_unresolved": 87}, "space_comparison_counts": {"layer_discrepancy": 33, "layers_match": 194, "not_computed": 1, "paper_incomplete": 2, "twist_not_tabulated": 230}, "total_tasks": 489, "updated_utc": "2026-09-24T15:07:46.104912+00:00"}
{"certified_ko": false, "completed_e6": 486, "counts": {"RUNNING": 3, "computed": 486}, "finite_comparison_counts": {"order_differs": 3, "order_matches_extensions_unresolved": 87}, "space_comparison_counts": {"layer_discrepancy": 33, "layers_match": 194, "not_computed": 1, "paper_incomplete": 2, "twist_not_tabulated": 230}, "total_tasks": 489, "updated_utc": "2026-09-24T15:08:46.667138+00:00"}
{"certified_ko": false, "completed_e6": 486, "counts": {"RUNNING": 3, "computed": 486}, "finite_comparison_counts": {"order_differs": 3, "order_matches_extensions_unresolved": 87}, "space_comparison_counts": {"layer_discrepancy": 33, "layers_match": 194, "not_computed": 1, "paper_incomplete": 2, "twist_not_tabulated": 230}, "total_tasks": 489, "updated_utc": "2026-09-24T15:09:47.226920+00:00"}
{"certified_ko": false, "completed_e6": 486, "counts": {"RUNNING": 3, "computed": 486}, "finite_comparison_counts": {"order_differs": 3, "order_matches_extensions_unresolved": 87}, "space_comparison_counts": {"layer_discrepancy": 33, "layers_match": 194, "not_computed": 1, "paper_incomplete": 2, "twist_not_tabulated": 230}, "total_tasks": 489, "updated_utc": "2026-09-24T15:10:47.784931+00:00"}
{"certified_ko": false, "completed_e6": 486, "counts": {"RUNNING": 3, "computed": 486}, "finite_comparison_counts": {"order_differs": 3, "order_matches_extensions_unresolved": 87}, "space_comparison_counts": {"layer_discrepancy": 33, "layers_match": 194, "not_computed": 1, "paper_incomplete": 2, "twist_not_tabulated": 230}, "total_tasks": 489, "updated_utc": "2026-09-24T15:11:48.345740+00:00"}
{"certified_ko": false, "completed_e6": 486, "counts": {"RUNNING": 3, "computed": 486}, "finite_comparison_counts": {"order_differs": 3, "order_matches_extensions_unresolved": 87}, "space_comparison_counts": {"layer_discrepancy": 33, "layers_match": 194, "not_computed": 1, "paper_incomplete": 2, "twist_not_tabulated": 230}, "total_tasks": 489, "updated_utc": "2026-09-24T15:12:48.906565+00:00"}
{"certified_ko": false, "completed_e6": 486, "counts": {"RUNNING": 3, "computed": 486}, "finite_comparison_counts": {"order_differs": 3, "order_matches_extensions_unresolved": 87}, "space_comparison_counts": {"layer_discrepancy": 33, "layers_match": 194, "not_computed": 1, "paper_incomplete": 2, "twist_not_tabulated": 230}, "total_tasks": 489, "updated_utc": "2026-09-24T15:13:49.466737+00:00"}
{"certified_ko": false, "completed_e6": 486, "counts": {"RUNNING": 3, "computed": 486}, "finite_comparison_counts": {"order_differs": 3, "order_matches_extensions_unresolved": 87}, "space_comparison_counts": {"layer_discrepancy": 33, "layers_match": 194, "not_computed": 1, "paper_incomplete": 2, "twist_not_tabulated": 230}, "total_tasks": 489, "updated_utc": "2026-09-24T15:14:50.028571+00:00"}
{"certified_ko": false, "completed_e6": 486, "counts": {"RUNNING": 3, "computed": 486}, "finite_comparison_counts": {"order_differs": 3, "order_matches_extensions_unresolved": 87}, "space_comparison_counts": {"layer_discrepancy": 33, "layers_match": 194, "not_computed": 1, "paper_incomplete": 2, "twist_not_tabulated": 230}, "total_tasks": 489, "updated_utc": "2026-09-24T15:15:50.597062+00:00"}
{"certified_ko": false, "completed_e6": 486, "counts": {"RUNNING": 3, "computed": 486}, "finite_comparison_counts": {"order_differs": 3, "order_matches_extensions_unresolved": 87}, "space_comparison_counts": {"layer_discrepancy": 33, "layers_match": 194, "not_computed": 1, "paper_incomplete": 2, "twist_not_tabulated": 230}, "total_tasks": 489, "updated_utc": "2026-09-24T15:16:51.155229+00:00"}
{"certified_ko": false, "completed_e6": 486, "counts": {"RUNNING": 3, "computed": 486}, "finite_comparison_counts": {"order_differs": 3, "order_matches_extensions_unresolved": 87}, "space_comparison_counts": {"layer_discrepancy": 33, "layers_match": 194, "not_computed": 1, "paper_incomplete": 2, "twist_not_tabulated": 230}, "total_tasks": 489, "updated_utc": "2026-09-24T15:17:51.717928+00:00"}
{"certified_ko": false, "completed_e6": 486, "counts": {"RUNNING": 3, "computed": 486}, "finite_comparison_counts": {"order_differs": 3, "order_matches_extensions_unresolved": 87}, "space_comparison_counts": {"layer_discrepancy": 33, "layers_match": 194, "not_computed": 1, "paper_incomplete": 2, "twist_not_tabulated": 230}, "total_tasks": 489, "updated_utc": "2026-09-24T15:18:52.277121+00:00"}
{"certified_ko": false, "completed_e6": 486, "counts": {"RUNNING": 3, "computed": 486}, "finite_comparison_counts": {"order_differs": 3, "order_matches_extensions_unresolved": 87}, "space_comparison_counts": {"layer_discrepancy": 33, "layers_match": 194, "not_computed": 1, "paper_incomplete": 2, "twist_not_tabulated": 230}, "total_tasks": 489, "updated_utc": "2026-09-24T15:19:52.839124+00:00"}
{"certified_ko": false, "completed_e6": 486, "counts": {"RUNNING": 3, "computed": 486}, "finite_comparison_counts": {"order_differs": 3, "order_matches_extensions_unresolved": 87}, "space_comparison_counts": {"layer_discrepancy": 33, "layers_match": 194, "not_computed": 1, "paper_incomplete": 2, "twist_not_tabulated": 230}, "total_tasks": 489, "updated_utc": "2026-09-24T15:20:53.405630+00:00"}
{"certified_ko": false, "completed_e6": 486, "counts": {"RUNNING": 3, "computed": 486}, "finite_comparison_counts": {"order_differs": 3, "order_matches_extensions_unresolved": 87}, "space_comparison_counts": {"layer_discrepancy": 33, "layers_match": 194, "not_computed": 1, "paper_incomplete": 2, "twist_not_tabulated": 230}, "total_tasks": 489, "updated_utc": "2026-09-24T15:21:53.974626+00:00"}
{"certified_ko": false, "completed_e6": 486, "counts": {"RUNNING": 3, "computed": 486}, "finite_comparison_counts": {"order_differs": 3, "order_matches_extensions_unresolved": 87}, "space_comparison_counts": {"layer_discrepancy": 33, "layers_match": 194, "not_computed": 1, "paper_incomplete": 2, "twist_not_tabulated": 230}, "total_tasks": 489, "updated_utc": "2026-09-24T15:22:54.535399+00:00"}
{"certified_ko": false, "completed_e6": 486, "counts": {"RUNNING": 3, "computed": 486}, "finite_comparison_counts": {"order_differs": 3, "order_matches_extensions_unresolved": 87}, "space_comparison_counts": {"layer_discrepancy": 33, "layers_match": 194, "not_computed": 1, "paper_incomplete": 2, "twist_not_tabulated": 230}, "total_tasks": 489, "updated_utc": "2026-09-24T15:23:55.096573+00:00"}
{"certified_ko": false, "completed_e6": 486, "counts": {"RUNNING": 3, "computed": 486}, "finite_comparison_counts": {"order_differs": 3, "order_matches_extensions_unresolved": 87}, "space_comparison_counts": {"layer_discrepancy": 33, "layers_match": 194, "not_computed": 1, "paper_incomplete": 2, "twist_not_tabulated": 230}, "total_tasks": 489, "updated_utc": "2026-09-24T15:24:55.660545+00:00"}
{"certified_ko": false, "completed_e6": 486, "counts": {"RUNNING": 3, "computed": 486}, "finite_comparison_counts": {"order_differs": 3, "order_matches_extensions_unresolved": 87}, "space_comparison_counts": {"layer_discrepancy": 33, "layers_match": 194, "not_computed": 1, "paper_incomplete": 2, "twist_not_tabulated": 230}, "total_tasks": 489, "updated_utc": "2026-09-24T15:25:56.225107+00:00"}
{"certified_ko": false, "completed_e6": 486, "counts": {"RUNNING": 3, "computed": 486}, "finite_comparison_counts": {"order_differs": 3, "order_matches_extensions_unresolved": 87}, "space_comparison_counts": {"layer_discrepancy": 33, "layers_match": 194, "not_computed": 1, "paper_incomplete": 2, "twist_not_tabulated": 230}, "total_tasks": 489, "updated_utc": "2026-09-24T15:26:56.790053+00:00"}
{"certified_ko": false, "completed_e6": 486, "counts": {"RUNNING": 3, "computed": 486}, "finite_comparison_counts": {"order_differs": 3, "order_matches_extensions_unresolved": 87}, "space_comparison_counts": {"layer_discrepancy": 33, "layers_match": 194, "not_computed": 1, "paper_incomplete": 2, "twist_not_tabulated": 230}, "total_tasks": 489, "updated_utc": "2026-09-24T15:27:57.352042+00:00"}
{"certified_ko": false, "completed_e6": 486, "counts": {"RUNNING": 3, "computed": 486}, "finite_comparison_counts": {"order_differs": 3, "order_matches_extensions_unresolved": 87}, "space_comparison_counts": {"layer_discrepancy": 33, "layers_match": 194, "not_computed": 1, "paper_incomplete": 2, "twist_not_tabulated": 230}, "total_tasks": 489, "updated_utc": "2026-09-24T15:28:57.911393+00:00"}
{"certified_ko": false, "completed_e6": 486, "counts": {"RUNNING": 3, "computed": 486}, "finite_comparison_counts": {"order_differs": 3, "order_matches_extensions_unresolved": 87}, "space_comparison_counts": {"layer_discrepancy": 33, "layers_match": 194, "not_computed": 1, "paper_incomplete": 2, "twist_not_tabulated": 230}, "total_tasks": 489, "updated_utc": "2026-09-24T15:29:58.469283+00:00"}
{"certified_ko": false, "completed_e6": 486, "counts": {"RUNNING": 3, "computed": 486}, "finite_comparison_counts": {"order_differs": 3, "order_matches_extensions_unresolved": 87}, "space_comparison_counts": {"layer_discrepancy": 33, "layers_match": 194, "not_computed": 1, "paper_incomplete": 2, "twist_not_tabulated": 230}, "total_tasks": 489, "updated_utc": "2026-09-24T15:30:59.032309+00:00"}
{"certified_ko": false, "completed_e6": 486, "counts": {"RUNNING": 3, "computed": 486}, "finite_comparison_counts": {"order_differs": 3, "order_matches_extensions_unresolved": 87}, "space_comparison_counts": {"layer_discrepancy": 33, "layers_match": 194, "not_computed": 1, "paper_incomplete": 2, "twist_not_tabulated": 230}, "total_tasks": 489, "updated_utc": "2026-09-24T15:31:59.595711+00:00"}
{"certified_ko": false, "completed_e6": 486, "counts": {"RUNNING": 3, "computed": 486}, "finite_comparison_counts": {"order_differs": 3, "order_matches_extensions_unresolved": 87}, "space_comparison_counts": {"layer_discrepancy": 33, "layers_match": 194, "not_computed": 1, "paper_incomplete": 2, "twist_not_tabulated": 230}, "total_tasks": 489, "updated_utc": "2026-09-24T15:33:00.159997+00:00"}
{"certified_ko": false, "completed_e6": 486, "counts": {"RUNNING": 3, "computed": 486}, "finite_comparison_counts": {"order_differs": 3, "order_matches_extensions_unresolved": 87}, "space_comparison_counts": {"layer_discrepancy": 33, "layers_match": 194, "not_computed": 1, "paper_incomplete": 2, "twist_not_tabulated": 230}, "total_tasks": 489, "updated_utc": "2026-09-24T15:34:00.723368+00:00"}
{"certified_ko": false, "completed_e6": 486, "counts": {"RUNNING": 3, "computed": 486}, "finite_comparison_counts": {"order_differs": 3, "order_matches_extensions_unresolved": 87}, "space_comparison_counts": {"layer_discrepancy": 33, "layers_match": 194, "not_computed": 1, "paper_incomplete": 2, "twist_not_tabulated": 230}, "total_tasks": 489, "updated_utc": "2026-09-24T15:35:01.286393+00:00"}
{"certified_ko": false, "completed_e6": 486, "counts": {"RUNNING": 3, "computed": 486}, "finite_comparison_counts": {"order_differs": 3, "order_matches_extensions_unresolved": 87}, "space_comparison_counts": {"layer_discrepancy": 33, "layers_match": 194, "not_computed": 1, "paper_incomplete": 2, "twist_not_tabulated": 230}, "total_tasks": 489, "updated_utc": "2026-09-24T15:36:01.847568+00:00"}
{"certified_ko": false, "completed_e6": 486, "counts": {"RUNNING": 3, "computed": 486}, "finite_comparison_counts": {"order_differs": 3, "order_matches_extensions_unresolved": 87}, "space_comparison_counts": {"layer_discrepancy": 33, "layers_match": 194, "not_computed": 1, "paper_incomplete": 2, "twist_not_tabulated": 230}, "total_tasks": 489, "updated_utc": "2026-09-24T15:37:02.412913+00:00"}
{"certified_ko": false, "completed_e6": 486, "counts": {"RUNNING": 3, "computed": 486}, "finite_comparison_counts": {"order_differs": 3, "order_matches_extensions_unresolved": 87}, "space_comparison_counts": {"layer_discrepancy": 33, "layers_match": 194, "not_computed": 1, "paper_incomplete": 2, "twist_not_tabulated": 230}, "total_tasks": 489, "updated_utc": "2026-09-24T15:38:02.975273+00:00"}
{"certified_ko": false, "completed_e6": 486, "counts": {"RUNNING": 3, "computed": 486}, "finite_comparison_counts": {"order_differs": 3, "order_matches_extensions_unresolved": 87}, "space_comparison_counts": {"layer_discrepancy": 33, "layers_match": 194, "not_computed": 1, "paper_incomplete": 2, "twist_not_tabulated": 230}, "total_tasks": 489, "updated_utc": "2026-09-24T15:39:03.536811+00:00"}
{"certified_ko": false, "completed_e6": 486, "counts": {"RUNNING": 3, "computed": 486}, "finite_comparison_counts": {"order_differs": 3, "order_matches_extensions_unresolved": 87}, "space_comparison_counts": {"layer_discrepancy": 33, "layers_match": 194, "not_computed": 1, "paper_incomplete": 2, "twist_not_tabulated": 230}, "total_tasks": 489, "updated_utc": "2026-09-24T15:40:04.101574+00:00"}
{"certified_ko": false, "completed_e6": 486, "counts": {"RUNNING": 3, "computed": 486}, "finite_comparison_counts": {"order_differs": 3, "order_matches_extensions_unresolved": 87}, "space_comparison_counts": {"layer_discrepancy": 33, "layers_match": 194, "not_computed": 1, "paper_incomplete": 2, "twist_not_tabulated": 230}, "total_tasks": 489, "updated_utc": "2026-09-24T15:41:04.661244+00:00"}
{"certified_ko": false, "completed_e6": 486, "counts": {"RUNNING": 3, "computed": 486}, "finite_comparison_counts": {"order_differs": 3, "order_matches_extensions_unresolved": 87}, "space_comparison_counts": {"layer_discrepancy": 33, "layers_match": 194, "not_computed": 1, "paper_incomplete": 2, "twist_not_tabulated": 230}, "total_tasks": 489, "updated_utc": "2026-09-24T15:42:05.220883+00:00"}
{"certified_ko": false, "completed_e6": 486, "counts": {"RUNNING": 3, "computed": 486}, "finite_comparison_counts": {"order_differs": 3, "order_matches_extensions_unresolved": 87}, "space_comparison_counts": {"layer_discrepancy": 33, "layers_match": 194, "not_computed": 1, "paper_incomplete": 2, "twist_not_tabulated": 230}, "total_tasks": 489, "updated_utc": "2026-09-24T15:43:05.782230+00:00"}
{"certified_ko": false, "completed_e6": 486, "counts": {"RUNNING": 3, "computed": 486}, "finite_comparison_counts": {"order_differs": 3, "order_matches_extensions_unresolved": 87}, "space_comparison_counts": {"layer_discrepancy": 33, "layers_match": 194, "not_computed": 1, "paper_incomplete": 2, "twist_not_tabulated": 230}, "total_tasks": 489, "updated_utc": "2026-09-24T15:44:06.344677+00:00"}
{"certified_ko": false, "completed_e6": 486, "counts": {"RUNNING": 3, "computed": 486}, "finite_comparison_counts": {"order_differs": 3, "order_matches_extensions_unresolved": 87}, "space_comparison_counts": {"layer_discrepancy": 33, "layers_match": 194, "not_computed": 1, "paper_incomplete": 2, "twist_not_tabulated": 230}, "total_tasks": 489, "updated_utc": "2026-09-24T15:45:06.908837+00:00"}
{"certified_ko": false, "completed_e6": 486, "counts": {"RUNNING": 3, "computed": 486}, "finite_comparison_counts": {"order_differs": 3, "order_matches_extensions_unresolved": 87}, "space_comparison_counts": {"layer_discrepancy": 33, "layers_match": 194, "not_computed": 1, "paper_incomplete": 2, "twist_not_tabulated": 230}, "total_tasks": 489, "updated_utc": "2026-09-24T15:46:07.468985+00:00"}
{"certified_ko": false, "completed_e6": 486, "counts": {"RUNNING": 3, "computed": 486}, "finite_comparison_counts": {"order_differs": 3, "order_matches_extensions_unresolved": 87}, "space_comparison_counts": {"layer_discrepancy": 33, "layers_match": 194, "not_computed": 1, "paper_incomplete": 2, "twist_not_tabulated": 230}, "total_tasks": 489, "updated_utc": "2026-09-24T15:47:08.033526+00:00"}
{"certified_ko": false, "completed_e6": 486, "counts": {"RUNNING": 3, "computed": 486}, "finite_comparison_counts": {"order_differs": 3, "order_matches_extensions_unresolved": 87}, "space_comparison_counts": {"layer_discrepancy": 33, "layers_match": 194, "not_computed": 1, "paper_incomplete": 2, "twist_not_tabulated": 230}, "total_tasks": 489, "updated_utc": "2026-09-24T15:48:08.595017+00:00"}
{"certified_ko": false, "completed_e6": 486, "counts": {"RUNNING": 3, "computed": 486}, "finite_comparison_counts": {"order_differs": 3, "order_matches_extensions_unresolved": 87}, "space_comparison_counts": {"layer_discrepancy": 33, "layers_match": 194, "not_computed": 1, "paper_incomplete": 2, "twist_not_tabulated": 230}, "total_tasks": 489, "updated_utc": "2026-09-24T15:49:09.157487+00:00"}
{"certified_ko": false, "completed_e6": 486, "counts": {"RUNNING": 3, "computed": 486}, "finite_comparison_counts": {"order_differs": 3, "order_matches_extensions_unresolved": 87}, "space_comparison_counts": {"layer_discrepancy": 33, "layers_match": 194, "not_computed": 1, "paper_incomplete": 2, "twist_not_tabulated": 230}, "total_tasks": 489, "updated_utc": "2026-09-24T15:50:09.717346+00:00"}
{"certified_ko": false, "completed_e6": 486, "counts": {"RUNNING": 3, "computed": 486}, "finite_comparison_counts": {"order_differs": 3, "order_matches_extensions_unresolved": 87}, "space_comparison_counts": {"layer_discrepancy": 33, "layers_match": 194, "not_computed": 1, "paper_incomplete": 2, "twist_not_tabulated": 230}, "total_tasks": 489, "updated_utc": "2026-09-24T15:51:10.277425+00:00"}
{"certified_ko": false, "completed_e6": 486, "counts": {"RUNNING": 3, "computed": 486}, "finite_comparison_counts": {"order_differs": 3, "order_matches_extensions_unresolved": 87}, "space_comparison_counts": {"layer_discrepancy": 33, "layers_match": 194, "not_computed": 1, "paper_incomplete": 2, "twist_not_tabulated": 230}, "total_tasks": 489, "updated_utc": "2026-09-24T15:52:10.833484+00:00"}
{"certified_ko": false, "completed_e6": 487, "counts": {"RUNNING": 2, "computed": 487}, "finite_comparison_counts": {"order_differs": 3, "order_matches_extensions_unresolved": 87}, "space_comparison_counts": {"layer_discrepancy": 33, "layers_match": 194, "not_computed": 1, "paper_incomplete": 2, "twist_not_tabulated": 230}, "total_tasks": 489, "updated_utc": "2026-09-24T15:53:29.137324+00:00"}
{"certified_ko": false, "completed_e6": 487, "counts": {"RUNNING": 2, "computed": 487}, "finite_comparison_counts": {"order_differs": 3, "order_matches_extensions_unresolved": 87}, "space_comparison_counts": {"layer_discrepancy": 33, "layers_match": 194, "not_computed": 1, "paper_incomplete": 2, "twist_not_tabulated": 230}, "total_tasks": 489, "updated_utc": "2026-09-24T15:54:29.719662+00:00"}
{"certified_ko": false, "completed_e6": 487, "counts": {"RUNNING": 2, "computed": 487}, "finite_comparison_counts": {"order_differs": 3, "order_matches_extensions_unresolved": 87}, "space_comparison_counts": {"layer_discrepancy": 33, "layers_match": 194, "not_computed": 1, "paper_incomplete": 2, "twist_not_tabulated": 230}, "total_tasks": 489, "updated_utc": "2026-09-24T15:55:30.280067+00:00"}
{"certified_ko": false, "completed_e6": 487, "counts": {"RUNNING": 2, "computed": 487}, "finite_comparison_counts": {"order_differs": 3, "order_matches_extensions_unresolved": 87}, "space_comparison_counts": {"layer_discrepancy": 33, "layers_match": 194, "not_computed": 1, "paper_incomplete": 2, "twist_not_tabulated": 230}, "total_tasks": 489, "updated_utc": "2026-09-24T15:56:30.843153+00:00"}
{"certified_ko": false, "completed_e6": 487, "counts": {"RUNNING": 2, "computed": 487}, "finite_comparison_counts": {"order_differs": 3, "order_matches_extensions_unresolved": 87}, "space_comparison_counts": {"layer_discrepancy": 33, "layers_match": 194, "not_computed": 1, "paper_incomplete": 2, "twist_not_tabulated": 230}, "total_tasks": 489, "updated_utc": "2026-09-24T15:57:31.404798+00:00"}
{"certified_ko": false, "completed_e6": 487, "counts": {"RUNNING": 2, "computed": 487}, "finite_comparison_counts": {"order_differs": 3, "order_matches_extensions_unresolved": 87}, "space_comparison_counts": {"layer_discrepancy": 33, "layers_match": 194, "not_computed": 1, "paper_incomplete": 2, "twist_not_tabulated": 230}, "total_tasks": 489, "updated_utc": "2026-09-24T15:58:31.969523+00:00"}
{"certified_ko": false, "completed_e6": 487, "counts": {"RUNNING": 2, "computed": 487}, "finite_comparison_counts": {"order_differs": 3, "order_matches_extensions_unresolved": 87}, "space_comparison_counts": {"layer_discrepancy": 33, "layers_match": 194, "not_computed": 1, "paper_incomplete": 2, "twist_not_tabulated": 230}, "total_tasks": 489, "updated_utc": "2026-09-24T15:59:32.531887+00:00"}
{"certified_ko": false, "completed_e6": 487, "counts": {"RUNNING": 2, "computed": 487}, "finite_comparison_counts": {"order_differs": 3, "order_matches_extensions_unresolved": 87}, "space_comparison_counts": {"layer_discrepancy": 33, "layers_match": 194, "not_computed": 1, "paper_incomplete": 2, "twist_not_tabulated": 230}, "total_tasks": 489, "updated_utc": "2026-09-24T16:00:33.095452+00:00"}
{"certified_ko": false, "completed_e6": 487, "counts": {"RUNNING": 2, "computed": 487}, "finite_comparison_counts": {"order_differs": 3, "order_matches_extensions_unresolved": 87}, "space_comparison_counts": {"layer_discrepancy": 33, "layers_match": 194, "not_computed": 1, "paper_incomplete": 2, "twist_not_tabulated": 230}, "total_tasks": 489, "updated_utc": "2026-09-24T16:01:33.654576+00:00"}
{"certified_ko": false, "completed_e6": 487, "counts": {"RUNNING": 2, "computed": 487}, "finite_comparison_counts": {"order_differs": 3, "order_matches_extensions_unresolved": 87}, "space_comparison_counts": {"layer_discrepancy": 33, "layers_match": 194, "not_computed": 1, "paper_incomplete": 2, "twist_not_tabulated": 230}, "total_tasks": 489, "updated_utc": "2026-09-24T16:02:34.211806+00:00"}
{"certified_ko": false, "completed_e6": 487, "counts": {"RUNNING": 2, "computed": 487}, "finite_comparison_counts": {"order_differs": 3, "order_matches_extensions_unresolved": 87}, "space_comparison_counts": {"layer_discrepancy": 33, "layers_match": 194, "not_computed": 1, "paper_incomplete": 2, "twist_not_tabulated": 230}, "total_tasks": 489, "updated_utc": "2026-09-24T16:03:34.776664+00:00"}
{"certified_ko": false, "completed_e6": 487, "counts": {"RUNNING": 2, "computed": 487}, "finite_comparison_counts": {"order_differs": 3, "order_matches_extensions_unresolved": 87}, "space_comparison_counts": {"layer_discrepancy": 33, "layers_match": 194, "not_computed": 1, "paper_incomplete": 2, "twist_not_tabulated": 230}, "total_tasks": 489, "updated_utc": "2026-09-24T16:04:35.333889+00:00"}
{"certified_ko": false, "completed_e6": 487, "counts": {"RUNNING": 2, "computed": 487}, "finite_comparison_counts": {"order_differs": 3, "order_matches_extensions_unresolved": 87}, "space_comparison_counts": {"layer_discrepancy": 33, "layers_match": 194, "not_computed": 1, "paper_incomplete": 2, "twist_not_tabulated": 230}, "total_tasks": 489, "updated_utc": "2026-09-24T16:05:35.893857+00:00"}
{"certified_ko": false, "completed_e6": 487, "counts": {"RUNNING": 2, "computed": 487}, "finite_comparison_counts": {"order_differs": 3, "order_matches_extensions_unresolved": 87}, "space_comparison_counts": {"layer_discrepancy": 33, "layers_match": 194, "not_computed": 1, "paper_incomplete": 2, "twist_not_tabulated": 230}, "total_tasks": 489, "updated_utc": "2026-09-24T16:06:36.455491+00:00"}
{"certified_ko": false, "completed_e6": 487, "counts": {"RUNNING": 2, "computed": 487}, "finite_comparison_counts": {"order_differs": 3, "order_matches_extensions_unresolved": 87}, "space_comparison_counts": {"layer_discrepancy": 33, "layers_match": 194, "not_computed": 1, "paper_incomplete": 2, "twist_not_tabulated": 230}, "total_tasks": 489, "updated_utc": "2026-09-24T16:07:37.017025+00:00"}
{"certified_ko": false, "completed_e6": 487, "counts": {"RUNNING": 2, "computed": 487}, "finite_comparison_counts": {"order_differs": 3, "order_matches_extensions_unresolved": 87}, "space_comparison_counts": {"layer_discrepancy": 33, "layers_match": 194, "not_computed": 1, "paper_incomplete": 2, "twist_not_tabulated": 230}, "total_tasks": 489, "updated_utc": "2026-09-24T16:08:42.581293+00:00"}
{"certified_ko": false, "completed_e6": 487, "counts": {"RUNNING": 2, "computed": 487}, "finite_comparison_counts": {"order_differs": 3, "order_matches_extensions_unresolved": 87}, "space_comparison_counts": {"layer_discrepancy": 33, "layers_match": 194, "not_computed": 1, "paper_incomplete": 2, "twist_not_tabulated": 230}, "total_tasks": 489, "updated_utc": "2026-09-24T16:09:43.141299+00:00"}
{"certified_ko": false, "completed_e6": 487, "counts": {"RUNNING": 2, "computed": 487}, "finite_comparison_counts": {"order_differs": 3, "order_matches_extensions_unresolved": 87}, "space_comparison_counts": {"layer_discrepancy": 33, "layers_match": 194, "not_computed": 1, "paper_incomplete": 2, "twist_not_tabulated": 230}, "total_tasks": 489, "updated_utc": "2026-09-24T16:10:43.698350+00:00"}
{"certified_ko": false, "completed_e6": 487, "counts": {"RUNNING": 2, "computed": 487}, "finite_comparison_counts": {"order_differs": 3, "order_matches_extensions_unresolved": 87}, "space_comparison_counts": {"layer_discrepancy": 33, "layers_match": 194, "not_computed": 1, "paper_incomplete": 2, "twist_not_tabulated": 230}, "total_tasks": 489, "updated_utc": "2026-09-24T16:11:44.258557+00:00"}
{"certified_ko": false, "completed_e6": 487, "counts": {"RUNNING": 2, "computed": 487}, "finite_comparison_counts": {"order_differs": 3, "order_matches_extensions_unresolved": 87}, "space_comparison_counts": {"layer_discrepancy": 33, "layers_match": 194, "not_computed": 1, "paper_incomplete": 2, "twist_not_tabulated": 230}, "total_tasks": 489, "updated_utc": "2026-09-24T16:12:44.819049+00:00"}
{"certified_ko": false, "completed_e6": 487, "counts": {"RUNNING": 2, "computed": 487}, "finite_comparison_counts": {"order_differs": 3, "order_matches_extensions_unresolved": 87}, "space_comparison_counts": {"layer_discrepancy": 33, "layers_match": 194, "not_computed": 1, "paper_incomplete": 2, "twist_not_tabulated": 230}, "total_tasks": 489, "updated_utc": "2026-09-24T16:13:45.377752+00:00"}
{"certified_ko": false, "completed_e6": 487, "counts": {"RUNNING": 2, "computed": 487}, "finite_comparison_counts": {"order_differs": 3, "order_matches_extensions_unresolved": 87}, "space_comparison_counts": {"layer_discrepancy": 33, "layers_match": 194, "not_computed": 1, "paper_incomplete": 2, "twist_not_tabulated": 230}, "total_tasks": 489, "updated_utc": "2026-09-24T16:14:45.939698+00:00"}
{"certified_ko": false, "completed_e6": 487, "counts": {"RUNNING": 2, "computed": 487}, "finite_comparison_counts": {"order_differs": 3, "order_matches_extensions_unresolved": 87}, "space_comparison_counts": {"layer_discrepancy": 33, "layers_match": 194, "not_computed": 1, "paper_incomplete": 2, "twist_not_tabulated": 230}, "total_tasks": 489, "updated_utc": "2026-09-24T16:15:46.500148+00:00"}
{"certified_ko": false, "completed_e6": 487, "counts": {"RUNNING": 2, "computed": 487}, "finite_comparison_counts": {"order_differs": 3, "order_matches_extensions_unresolved": 87}, "space_comparison_counts": {"layer_discrepancy": 33, "layers_match": 194, "not_computed": 1, "paper_incomplete": 2, "twist_not_tabulated": 230}, "total_tasks": 489, "updated_utc": "2026-09-24T16:16:47.063396+00:00"}
{"certified_ko": false, "completed_e6": 487, "counts": {"RUNNING": 2, "computed": 487}, "finite_comparison_counts": {"order_differs": 3, "order_matches_extensions_unresolved": 87}, "space_comparison_counts": {"layer_discrepancy": 33, "layers_match": 194, "not_computed": 1, "paper_incomplete": 2, "twist_not_tabulated": 230}, "total_tasks": 489, "updated_utc": "2026-09-24T16:17:47.628398+00:00"}
{"certified_ko": false, "completed_e6": 487, "counts": {"RUNNING": 2, "computed": 487}, "finite_comparison_counts": {"order_differs": 3, "order_matches_extensions_unresolved": 87}, "space_comparison_counts": {"layer_discrepancy": 33, "layers_match": 194, "not_computed": 1, "paper_incomplete": 2, "twist_not_tabulated": 230}, "total_tasks": 489, "updated_utc": "2026-09-24T16:18:48.187766+00:00"}
{"certified_ko": false, "completed_e6": 487, "counts": {"RUNNING": 2, "computed": 487}, "finite_comparison_counts": {"order_differs": 3, "order_matches_extensions_unresolved": 87}, "space_comparison_counts": {"layer_discrepancy": 33, "layers_match": 194, "not_computed": 1, "paper_incomplete": 2, "twist_not_tabulated": 230}, "total_tasks": 489, "updated_utc": "2026-09-24T16:19:48.747895+00:00"}
{"certified_ko": false, "completed_e6": 487, "counts": {"RUNNING": 2, "computed": 487}, "finite_comparison_counts": {"order_differs": 3, "order_matches_extensions_unresolved": 87}, "space_comparison_counts": {"layer_discrepancy": 33, "layers_match": 194, "not_computed": 1, "paper_incomplete": 2, "twist_not_tabulated": 230}, "total_tasks": 489, "updated_utc": "2026-09-24T16:20:49.310172+00:00"}
{"certified_ko": false, "completed_e6": 487, "counts": {"RUNNING": 2, "computed": 487}, "finite_comparison_counts": {"order_differs": 3, "order_matches_extensions_unresolved": 87}, "space_comparison_counts": {"layer_discrepancy": 33, "layers_match": 194, "not_computed": 1, "paper_incomplete": 2, "twist_not_tabulated": 230}, "total_tasks": 489, "updated_utc": "2026-09-24T16:21:49.871473+00:00"}
{"certified_ko": false, "completed_e6": 487, "counts": {"RUNNING": 2, "computed": 487}, "finite_comparison_counts": {"order_differs": 3, "order_matches_extensions_unresolved": 87}, "space_comparison_counts": {"layer_discrepancy": 33, "layers_match": 194, "not_computed": 1, "paper_incomplete": 2, "twist_not_tabulated": 230}, "total_tasks": 489, "updated_utc": "2026-09-24T16:22:50.425559+00:00"}
{"certified_ko": false, "completed_e6": 487, "counts": {"RUNNING": 2, "computed": 487}, "finite_comparison_counts": {"order_differs": 3, "order_matches_extensions_unresolved": 87}, "space_comparison_counts": {"layer_discrepancy": 33, "layers_match": 194, "not_computed": 1, "paper_incomplete": 2, "twist_not_tabulated": 230}, "total_tasks": 489, "updated_utc": "2026-09-24T16:23:50.984923+00:00"}
{"certified_ko": false, "completed_e6": 487, "counts": {"RUNNING": 2, "computed": 487}, "finite_comparison_counts": {"order_differs": 3, "order_matches_extensions_unresolved": 87}, "space_comparison_counts": {"layer_discrepancy": 33, "layers_match": 194, "not_computed": 1, "paper_incomplete": 2, "twist_not_tabulated": 230}, "total_tasks": 489, "updated_utc": "2026-09-24T16:24:51.545707+00:00"}
{"certified_ko": false, "completed_e6": 487, "counts": {"RUNNING": 2, "computed": 487}, "finite_comparison_counts": {"order_differs": 3, "order_matches_extensions_unresolved": 87}, "space_comparison_counts": {"layer_discrepancy": 33, "layers_match": 194, "not_computed": 1, "paper_incomplete": 2, "twist_not_tabulated": 230}, "total_tasks": 489, "updated_utc": "2026-09-24T16:25:52.106622+00:00"}
{"certified_ko": false, "completed_e6": 487, "counts": {"RUNNING": 2, "computed": 487}, "finite_comparison_counts": {"order_differs": 3, "order_matches_extensions_unresolved": 87}, "space_comparison_counts": {"layer_discrepancy": 33, "layers_match": 194, "not_computed": 1, "paper_incomplete": 2, "twist_not_tabulated": 230}, "total_tasks": 489, "updated_utc": "2026-09-24T16:26:52.668479+00:00"}
{"certified_ko": false, "completed_e6": 487, "counts": {"RUNNING": 2, "computed": 487}, "finite_comparison_counts": {"order_differs": 3, "order_matches_extensions_unresolved": 87}, "space_comparison_counts": {"layer_discrepancy": 33, "layers_match": 194, "not_computed": 1, "paper_incomplete": 2, "twist_not_tabulated": 230}, "total_tasks": 489, "updated_utc": "2026-09-24T16:27:53.227346+00:00"}
{"certified_ko": false, "completed_e6": 487, "counts": {"RUNNING": 2, "computed": 487}, "finite_comparison_counts": {"order_differs": 3, "order_matches_extensions_unresolved": 87}, "space_comparison_counts": {"layer_discrepancy": 33, "layers_match": 194, "not_computed": 1, "paper_incomplete": 2, "twist_not_tabulated": 230}, "total_tasks": 489, "updated_utc": "2026-09-24T16:28:53.790617+00:00"}
{"certified_ko": false, "completed_e6": 487, "counts": {"RUNNING": 2, "computed": 487}, "finite_comparison_counts": {"order_differs": 3, "order_matches_extensions_unresolved": 87}, "space_comparison_counts": {"layer_discrepancy": 33, "layers_match": 194, "not_computed": 1, "paper_incomplete": 2, "twist_not_tabulated": 230}, "total_tasks": 489, "updated_utc": "2026-09-24T16:29:54.351458+00:00"}
{"certified_ko": false, "completed_e6": 487, "counts": {"RUNNING": 2, "computed": 487}, "finite_comparison_counts": {"order_differs": 3, "order_matches_extensions_unresolved": 87}, "space_comparison_counts": {"layer_discrepancy": 33, "layers_match": 194, "not_computed": 1, "paper_incomplete": 2, "twist_not_tabulated": 230}, "total_tasks": 489, "updated_utc": "2026-09-24T16:30:54.908177+00:00"}
{"certified_ko": false, "completed_e6": 487, "counts": {"RUNNING": 2, "computed": 487}, "finite_comparison_counts": {"order_differs": 3, "order_matches_extensions_unresolved": 87}, "space_comparison_counts": {"layer_discrepancy": 33, "layers_match": 194, "not_computed": 1, "paper_incomplete": 2, "twist_not_tabulated": 230}, "total_tasks": 489, "updated_utc": "2026-09-24T16:31:55.472078+00:00"}
{"certified_ko": false, "completed_e6": 487, "counts": {"RUNNING": 2, "computed": 487}, "finite_comparison_counts": {"order_differs": 3, "order_matches_extensions_unresolved": 87}, "space_comparison_counts": {"layer_discrepancy": 33, "layers_match": 194, "not_computed": 1, "paper_incomplete": 2, "twist_not_tabulated": 230}, "total_tasks": 489, "updated_utc": "2026-09-24T16:32:56.041708+00:00"}
{"certified_ko": false, "completed_e6": 487, "counts": {"RUNNING": 2, "computed": 487}, "finite_comparison_counts": {"order_differs": 3, "order_matches_extensions_unresolved": 87}, "space_comparison_counts": {"layer_discrepancy": 33, "layers_match": 194, "not_computed": 1, "paper_incomplete": 2, "twist_not_tabulated": 230}, "total_tasks": 489, "updated_utc": "2026-09-24T16:33:56.600665+00:00"}
{"certified_ko": false, "completed_e6": 487, "counts": {"RUNNING": 2, "computed": 487}, "finite_comparison_counts": {"order_differs": 3, "order_matches_extensions_unresolved": 87}, "space_comparison_counts": {"layer_discrepancy": 33, "layers_match": 194, "not_computed": 1, "paper_incomplete": 2, "twist_not_tabulated": 230}, "total_tasks": 489, "updated_utc": "2026-09-24T16:34:57.168256+00:00"}
{"certified_ko": false, "completed_e6": 487, "counts": {"RUNNING": 2, "computed": 487}, "finite_comparison_counts": {"order_differs": 3, "order_matches_extensions_unresolved": 87}, "space_comparison_counts": {"layer_discrepancy": 33, "layers_match": 194, "not_computed": 1, "paper_incomplete": 2, "twist_not_tabulated": 230}, "total_tasks": 489, "updated_utc": "2026-09-24T16:35:57.730519+00:00"}
{"certified_ko": false, "completed_e6": 487, "counts": {"RUNNING": 2, "computed": 487}, "finite_comparison_counts": {"order_differs": 3, "order_matches_extensions_unresolved": 87}, "space_comparison_counts": {"layer_discrepancy": 33, "layers_match": 194, "not_computed": 1, "paper_incomplete": 2, "twist_not_tabulated": 230}, "total_tasks": 489, "updated_utc": "2026-09-24T16:36:58.292100+00:00"}
{"certified_ko": false, "completed_e6": 487, "counts": {"RUNNING": 2, "computed": 487}, "finite_comparison_counts": {"order_differs": 3, "order_matches_extensions_unresolved": 87}, "space_comparison_counts": {"layer_discrepancy": 33, "layers_match": 194, "not_computed": 1, "paper_incomplete": 2, "twist_not_tabulated": 230}, "total_tasks": 489, "updated_utc": "2026-09-24T16:37:58.853211+00:00"}
{"certified_ko": false, "completed_e6": 487, "counts": {"RUNNING": 2, "computed": 487}, "finite_comparison_counts": {"order_differs": 3, "order_matches_extensions_unresolved": 87}, "space_comparison_counts": {"layer_discrepancy": 33, "layers_match": 194, "not_computed": 1, "paper_incomplete": 2, "twist_not_tabulated": 230}, "total_tasks": 489, "updated_utc": "2026-09-24T16:38:59.410692+00:00"}
{"certified_ko": false, "completed_e6": 487, "counts": {"RUNNING": 2, "computed": 487}, "finite_comparison_counts": {"order_differs": 3, "order_matches_extensions_unresolved": 87}, "space_comparison_counts": {"layer_discrepancy": 33, "layers_match": 194, "not_computed": 1, "paper_incomplete": 2, "twist_not_tabulated": 230}, "total_tasks": 489, "updated_utc": "2026-09-24T16:39:59.973359+00:00"}
{"certified_ko": false, "completed_e6": 487, "counts": {"RUNNING": 2, "computed": 487}, "finite_comparison_counts": {"order_differs": 3, "order_matches_extensions_unresolved": 87}, "space_comparison_counts": {"layer_discrepancy": 33, "layers_match": 194, "not_computed": 1, "paper_incomplete": 2, "twist_not_tabulated": 230}, "total_tasks": 489, "updated_utc": "2026-09-24T16:41:00.532056+00:00"}
{"certified_ko": false, "completed_e6": 487, "counts": {"RUNNING": 2, "computed": 487}, "finite_comparison_counts": {"order_differs": 3, "order_matches_extensions_unresolved": 87}, "space_comparison_counts": {"layer_discrepancy": 33, "layers_match": 194, "not_computed": 1, "paper_incomplete": 2, "twist_not_tabulated": 230}, "total_tasks": 489, "updated_utc": "2026-09-24T16:42:01.092997+00:00"}
{"certified_ko": false, "completed_e6": 487, "counts": {"RUNNING": 2, "computed": 487}, "finite_comparison_counts": {"order_differs": 3, "order_matches_extensions_unresolved": 87}, "space_comparison_counts": {"layer_discrepancy": 33, "layers_match": 194, "not_computed": 1, "paper_incomplete": 2, "twist_not_tabulated": 230}, "total_tasks": 489, "updated_utc": "2026-09-24T16:43:01.656792+00:00"}
{"certified_ko": false, "completed_e6": 487, "counts": {"RUNNING": 2, "computed": 487}, "finite_comparison_counts": {"order_differs": 3, "order_matches_extensions_unresolved": 87}, "space_comparison_counts": {"layer_discrepancy": 33, "layers_match": 194, "not_computed": 1, "paper_incomplete": 2, "twist_not_tabulated": 230}, "total_tasks": 489, "updated_utc": "2026-09-24T16:44:02.215869+00:00"}
{"certified_ko": false, "completed_e6": 487, "counts": {"RUNNING": 2, "computed": 487}, "finite_comparison_counts": {"order_differs": 3, "order_matches_extensions_unresolved": 87}, "space_comparison_counts": {"layer_discrepancy": 33, "layers_match": 194, "not_computed": 1, "paper_incomplete": 2, "twist_not_tabulated": 230}, "total_tasks": 489, "updated_utc": "2026-09-24T16:45:02.776911+00:00"}
{"certified_ko": false, "completed_e6": 487, "counts": {"RUNNING": 2, "computed": 487}, "finite_comparison_counts": {"order_differs": 3, "order_matches_extensions_unresolved": 87}, "space_comparison_counts": {"layer_discrepancy": 33, "layers_match": 194, "not_computed": 1, "paper_incomplete": 2, "twist_not_tabulated": 230}, "total_tasks": 489, "updated_utc": "2026-09-24T16:46:03.336387+00:00"}
{"certified_ko": false, "completed_e6": 487, "counts": {"RUNNING": 2, "computed": 487}, "finite_comparison_counts": {"order_differs": 3, "order_matches_extensions_unresolved": 87}, "space_comparison_counts": {"layer_discrepancy": 33, "layers_match": 194, "not_computed": 1, "paper_incomplete": 2, "twist_not_tabulated": 230}, "total_tasks": 489, "updated_utc": "2026-09-24T16:47:03.899346+00:00"}
{"certified_ko": false, "completed_e6": 487, "counts": {"RUNNING": 2, "computed": 487}, "finite_comparison_counts": {"order_differs": 3, "order_matches_extensions_unresolved": 87}, "space_comparison_counts": {"layer_discrepancy": 33, "layers_match": 194, "not_computed": 1, "paper_incomplete": 2, "twist_not_tabulated": 230}, "total_tasks": 489, "updated_utc": "2026-09-24T16:48:04.460132+00:00"}
{"certified_ko": false, "completed_e6": 487, "counts": {"RUNNING": 2, "computed": 487}, "finite_comparison_counts": {"order_differs": 3, "order_matches_extensions_unresolved": 87}, "space_comparison_counts": {"layer_discrepancy": 33, "layers_match": 194, "not_computed": 1, "paper_incomplete": 2, "twist_not_tabulated": 230}, "total_tasks": 489, "updated_utc": "2026-09-24T16:49:05.020609+00:00"}
{"certified_ko": false, "completed_e6": 487, "counts": {"RUNNING": 2, "computed": 487}, "finite_comparison_counts": {"order_differs": 3, "order_matches_extensions_unresolved": 87}, "space_comparison_counts": {"layer_discrepancy": 33, "layers_match": 194, "not_computed": 1, "paper_incomplete": 2, "twist_not_tabulated": 230}, "total_tasks": 489, "updated_utc": "2026-09-24T16:50:05.580790+00:00"}
{"certified_ko": false, "completed_e6": 487, "counts": {"RUNNING": 2, "computed": 487}, "finite_comparison_counts": {"order_differs": 3, "order_matches_extensions_unresolved": 87}, "space_comparison_counts": {"layer_discrepancy": 33, "layers_match": 194, "not_computed": 1, "paper_incomplete": 2, "twist_not_tabulated": 230}, "total_tasks": 489, "updated_utc": "2026-09-24T16:51:06.142212+00:00"}
{"certified_ko": false, "completed_e6": 487, "counts": {"RUNNING": 2, "computed": 487}, "finite_comparison_counts": {"order_differs": 3, "order_matches_extensions_unresolved": 87}, "space_comparison_counts": {"layer_discrepancy": 33, "layers_match": 194, "not_computed": 1, "paper_incomplete": 2, "twist_not_tabulated": 230}, "total_tasks": 489, "updated_utc": "2026-09-24T16:52:06.703993+00:00"}
{"certified_ko": false, "completed_e6": 487, "counts": {"RUNNING": 2, "computed": 487}, "finite_comparison_counts": {"order_differs": 3, "order_matches_extensions_unresolved": 87}, "space_comparison_counts": {"layer_discrepancy": 33, "layers_match": 194, "not_computed": 1, "paper_incomplete": 2, "twist_not_tabulated": 230}, "total_tasks": 489, "updated_utc": "2026-09-24T16:53:07.265089+00:00"}
{"certified_ko": false, "completed_e6": 487, "counts": {"RUNNING": 2, "computed": 487}, "finite_comparison_counts": {"order_differs": 3, "order_matches_extensions_unresolved": 87}, "space_comparison_counts": {"layer_discrepancy": 33, "layers_match": 194, "not_computed": 1, "paper_incomplete": 2, "twist_not_tabulated": 230}, "total_tasks": 489, "updated_utc": "2026-09-24T16:54:07.831749+00:00"}
{"certified_ko": false, "completed_e6": 487, "counts": {"RUNNING": 2, "computed": 487}, "finite_comparison_counts": {"order_differs": 3, "order_matches_extensions_unresolved": 87}, "space_comparison_counts": {"layer_discrepancy": 33, "layers_match": 194, "not_computed": 1, "paper_incomplete": 2, "twist_not_tabulated": 230}, "total_tasks": 489, "updated_utc": "2026-09-24T16:55:08.391548+00:00"}
{"certified_ko": false, "completed_e6": 487, "counts": {"RUNNING": 2, "computed": 487}, "finite_comparison_counts": {"order_differs": 3, "order_matches_extensions_unresolved": 87}, "space_comparison_counts": {"layer_discrepancy": 33, "layers_match": 194, "not_computed": 1, "paper_incomplete": 2, "twist_not_tabulated": 230}, "total_tasks": 489, "updated_utc": "2026-09-24T16:56:09.073346+00:00"}
{"certified_ko": false, "completed_e6": 487, "counts": {"RUNNING": 2, "computed": 487}, "finite_comparison_counts": {"order_differs": 3, "order_matches_extensions_unresolved": 87}, "space_comparison_counts": {"layer_discrepancy": 33, "layers_match": 194, "not_computed": 1, "paper_incomplete": 2, "twist_not_tabulated": 230}, "total_tasks": 489, "updated_utc": "2026-09-24T16:57:09.634550+00:00"}
{"certified_ko": false, "completed_e6": 487, "counts": {"RUNNING": 2, "computed": 487}, "finite_comparison_counts": {"order_differs": 3, "order_matches_extensions_unresolved": 87}, "space_comparison_counts": {"layer_discrepancy": 33, "layers_match": 194, "not_computed": 1, "paper_incomplete": 2, "twist_not_tabulated": 230}, "total_tasks": 489, "updated_utc": "2026-09-24T16:58:10.192931+00:00"}
{"certified_ko": false, "completed_e6": 487, "counts": {"RUNNING": 2, "computed": 487}, "finite_comparison_counts": {"order_differs": 3, "order_matches_extensions_unresolved": 87}, "space_comparison_counts": {"layer_discrepancy": 33, "layers_match": 194, "not_computed": 1, "paper_incomplete": 2, "twist_not_tabulated": 230}, "total_tasks": 489, "updated_utc": "2026-09-24T16:59:10.753353+00:00"}
{"certified_ko": false, "completed_e6": 487, "counts": {"RUNNING": 2, "computed": 487}, "finite_comparison_counts": {"order_differs": 3, "order_matches_extensions_unresolved": 87}, "space_comparison_counts": {"layer_discrepancy": 33, "layers_match": 194, "not_computed": 1, "paper_incomplete": 2, "twist_not_tabulated": 230}, "total_tasks": 489, "updated_utc": "2026-09-24T17:00:11.314263+00:00"}
{"certified_ko": false, "completed_e6": 487, "counts": {"RUNNING": 2, "computed": 487}, "finite_comparison_counts": {"order_differs": 3, "order_matches_extensions_unresolved": 87}, "space_comparison_counts": {"layer_discrepancy": 33, "layers_match": 194, "not_computed": 1, "paper_incomplete": 2, "twist_not_tabulated": 230}, "total_tasks": 489, "updated_utc": "2026-09-24T17:01:11.875127+00:00"}
{"certified_ko": false, "completed_e6": 487, "counts": {"RUNNING": 2, "computed": 487}, "finite_comparison_counts": {"order_differs": 3, "order_matches_extensions_unresolved": 87}, "space_comparison_counts": {"layer_discrepancy": 33, "layers_match": 194, "not_computed": 1, "paper_incomplete": 2, "twist_not_tabulated": 230}, "total_tasks": 489, "updated_utc": "2026-09-24T17:02:12.433988+00:00"}
{"certified_ko": false, "completed_e6": 487, "counts": {"RUNNING": 2, "computed": 487}, "finite_comparison_counts": {"order_differs": 3, "order_matches_extensions_unresolved": 87}, "space_comparison_counts": {"layer_discrepancy": 33, "layers_match": 194, "not_computed": 1, "paper_incomplete": 2, "twist_not_tabulated": 230}, "total_tasks": 489, "updated_utc": "2026-09-24T17:03:12.992160+00:00"}
{"certified_ko": false, "completed_e6": 487, "counts": {"RUNNING": 2, "computed": 487}, "finite_comparison_counts": {"order_differs": 3, "order_matches_extensions_unresolved": 87}, "space_comparison_counts": {"layer_discrepancy": 33, "layers_match": 194, "not_computed": 1, "paper_incomplete": 2, "twist_not_tabulated": 230}, "total_tasks": 489, "updated_utc": "2026-09-24T17:04:13.552097+00:00"}
{"certified_ko": false, "completed_e6": 487, "counts": {"RUNNING": 2, "computed": 487}, "finite_comparison_counts": {"order_differs": 3, "order_matches_extensions_unresolved": 87}, "space_comparison_counts": {"layer_discrepancy": 33, "layers_match": 194, "not_computed": 1, "paper_incomplete": 2, "twist_not_tabulated": 230}, "total_tasks": 489, "updated_utc": "2026-09-24T17:05:14.112740+00:00"}
{"certified_ko": false, "completed_e6": 487, "counts": {"RUNNING": 2, "computed": 487}, "finite_comparison_counts": {"order_differs": 3, "order_matches_extensions_unresolved": 87}, "space_comparison_counts": {"layer_discrepancy": 33, "layers_match": 194, "not_computed": 1, "paper_incomplete": 2, "twist_not_tabulated": 230}, "total_tasks": 489, "updated_utc": "2026-09-24T17:06:14.675000+00:00"}
{"certified_ko": false, "completed_e6": 488, "counts": {"RUNNING": 1, "computed": 488}, "finite_comparison_counts": {"order_differs": 3, "order_matches_extensions_unresolved": 87}, "space_comparison_counts": {"layer_discrepancy": 33, "layers_match": 194, "not_computed": 1, "paper_incomplete": 2, "twist_not_tabulated": 230}, "total_tasks": 489, "updated_utc": "2026-09-24T17:07:15.500180+00:00"}
{"certified_ko": false, "completed_e6": 488, "counts": {"RUNNING": 1, "computed": 488}, "finite_comparison_counts": {"order_differs": 3, "order_matches_extensions_unresolved": 87}, "space_comparison_counts": {"layer_discrepancy": 33, "layers_match": 194, "not_computed": 1, "paper_incomplete": 2, "twist_not_tabulated": 230}, "total_tasks": 489, "updated_utc": "2026-09-24T17:08:16.063612+00:00"}
{"certified_ko": false, "completed_e6": 488, "counts": {"RUNNING": 1, "computed": 488}, "finite_comparison_counts": {"order_differs": 3, "order_matches_extensions_unresolved": 87}, "space_comparison_counts": {"layer_discrepancy": 33, "layers_match": 194, "not_computed": 1, "paper_incomplete": 2, "twist_not_tabulated": 230}, "total_tasks": 489, "updated_utc": "2026-09-24T17:09:16.624169+00:00"}
{"certified_ko": false, "completed_e6": 488, "counts": {"RUNNING": 1, "computed": 488}, "finite_comparison_counts": {"order_differs": 3, "order_matches_extensions_unresolved": 87}, "space_comparison_counts": {"layer_discrepancy": 33, "layers_match": 194, "not_computed": 1, "paper_incomplete": 2, "twist_not_tabulated": 230}, "total_tasks": 489, "updated_utc": "2026-09-24T17:10:17.187064+00:00"}
{"certified_ko": false, "completed_e6": 488, "counts": {"RUNNING": 1, "computed": 488}, "finite_comparison_counts": {"order_differs": 3, "order_matches_extensions_unresolved": 87}, "space_comparison_counts": {"layer_discrepancy": 33, "layers_match": 194, "not_computed": 1, "paper_incomplete": 2, "twist_not_tabulated": 230}, "total_tasks": 489, "updated_utc": "2026-09-24T17:11:17.750006+00:00"}
{"certified_ko": false, "completed_e6": 488, "counts": {"RUNNING": 1, "computed": 488}, "finite_comparison_counts": {"order_differs": 3, "order_matches_extensions_unresolved": 87}, "space_comparison_counts": {"layer_discrepancy": 33, "layers_match": 194, "not_computed": 1, "paper_incomplete": 2, "twist_not_tabulated": 230}, "total_tasks": 489, "updated_utc": "2026-09-24T17:12:18.311121+00:00"}
{"certified_ko": false, "completed_e6": 488, "counts": {"RUNNING": 1, "computed": 488}, "finite_comparison_counts": {"order_differs": 3, "order_matches_extensions_unresolved": 87}, "space_comparison_counts": {"layer_discrepancy": 33, "layers_match": 194, "not_computed": 1, "paper_incomplete": 2, "twist_not_tabulated": 230}, "total_tasks": 489, "updated_utc": "2026-09-24T17:13:18.873211+00:00"}
{"certified_ko": false, "completed_e6": 488, "counts": {"RUNNING": 1, "computed": 488}, "finite_comparison_counts": {"order_differs": 3, "order_matches_extensions_unresolved": 87}, "space_comparison_counts": {"layer_discrepancy": 33, "layers_match": 194, "not_computed": 1, "paper_incomplete": 2, "twist_not_tabulated": 230}, "total_tasks": 489, "updated_utc": "2026-09-24T17:14:19.432593+00:00"}
{"certified_ko": false, "completed_e6": 488, "counts": {"RUNNING": 1, "computed": 488}, "finite_comparison_counts": {"order_differs": 3, "order_matches_extensions_unresolved": 87}, "space_comparison_counts": {"layer_discrepancy": 33, "layers_match": 194, "not_computed": 1, "paper_incomplete": 2, "twist_not_tabulated": 230}, "total_tasks": 489, "updated_utc": "2026-09-24T17:15:19.997964+00:00"}
{"certified_ko": false, "completed_e6": 488, "counts": {"RUNNING": 1, "computed": 488}, "finite_comparison_counts": {"order_differs": 3, "order_matches_extensions_unresolved": 87}, "space_comparison_counts": {"layer_discrepancy": 33, "layers_match": 194, "not_computed": 1, "paper_incomplete": 2, "twist_not_tabulated": 230}, "total_tasks": 489, "updated_utc": "2026-09-24T17:16:20.557620+00:00"}
{"certified_ko": false, "completed_e6": 488, "counts": {"RUNNING": 1, "computed": 488}, "finite_comparison_counts": {"order_differs": 3, "order_matches_extensions_unresolved": 87}, "space_comparison_counts": {"layer_discrepancy": 33, "layers_match": 194, "not_computed": 1, "paper_incomplete": 2, "twist_not_tabulated": 230}, "total_tasks": 489, "updated_utc": "2026-09-24T17:17:21.115178+00:00"}
{"certified_ko": false, "completed_e6": 488, "counts": {"RUNNING": 1, "computed": 488}, "finite_comparison_counts": {"order_differs": 3, "order_matches_extensions_unresolved": 87}, "space_comparison_counts": {"layer_discrepancy": 33, "layers_match": 194, "not_computed": 1, "paper_incomplete": 2, "twist_not_tabulated": 230}, "total_tasks": 489, "updated_utc": "2026-09-24T17:18:21.674417+00:00"}
{"certified_ko": false, "completed_e6": 488, "counts": {"RUNNING": 1, "computed": 488}, "finite_comparison_counts": {"order_differs": 3, "order_matches_extensions_unresolved": 87}, "space_comparison_counts": {"layer_discrepancy": 33, "layers_match": 194, "not_computed": 1, "paper_incomplete": 2, "twist_not_tabulated": 230}, "total_tasks": 489, "updated_utc": "2026-09-24T17:19:22.234603+00:00"}
{"certified_ko": false, "completed_e6": 488, "counts": {"RUNNING": 1, "computed": 488}, "finite_comparison_counts": {"order_differs": 3, "order_matches_extensions_unresolved": 87}, "space_comparison_counts": {"layer_discrepancy": 33, "layers_match": 194, "not_computed": 1, "paper_incomplete": 2, "twist_not_tabulated": 230}, "total_tasks": 489, "updated_utc": "2026-09-24T17:20:22.795012+00:00"}
{"certified_ko": false, "completed_e6": 488, "counts": {"RUNNING": 1, "computed": 488}, "finite_comparison_counts": {"order_differs": 3, "order_matches_extensions_unresolved": 87}, "space_comparison_counts": {"layer_discrepancy": 33, "layers_match": 194, "not_computed": 1, "paper_incomplete": 2, "twist_not_tabulated": 230}, "total_tasks": 489, "updated_utc": "2026-09-24T17:21:23.356670+00:00"}
{"certified_ko": false, "completed_e6": 488, "counts": {"RUNNING": 1, "computed": 488}, "finite_comparison_counts": {"order_differs": 3, "order_matches_extensions_unresolved": 87}, "space_comparison_counts": {"layer_discrepancy": 33, "layers_match": 194, "not_computed": 1, "paper_incomplete": 2, "twist_not_tabulated": 230}, "total_tasks": 489, "updated_utc": "2026-09-24T17:22:23.920034+00:00"}
{"certified_ko": false, "completed_e6": 488, "counts": {"RUNNING": 1, "computed": 488}, "finite_comparison_counts": {"order_differs": 3, "order_matches_extensions_unresolved": 87}, "space_comparison_counts": {"layer_discrepancy": 33, "layers_match": 194, "not_computed": 1, "paper_incomplete": 2, "twist_not_tabulated": 230}, "total_tasks": 489, "updated_utc": "2026-09-24T17:23:24.479681+00:00"}
{"certified_ko": false, "completed_e6": 488, "counts": {"RUNNING": 1, "computed": 488}, "finite_comparison_counts": {"order_differs": 3, "order_matches_extensions_unresolved": 87}, "space_comparison_counts": {"layer_discrepancy": 33, "layers_match": 194, "not_computed": 1, "paper_incomplete": 2, "twist_not_tabulated": 230}, "total_tasks": 489, "updated_utc": "2026-09-24T17:24:25.041368+00:00"}
{"certified_ko": false, "completed_e6": 488, "counts": {"RUNNING": 1, "computed": 488}, "finite_comparison_counts": {"order_differs": 3, "order_matches_extensions_unresolved": 87}, "space_comparison_counts": {"layer_discrepancy": 33, "layers_match": 194, "not_computed": 1, "paper_incomplete": 2, "twist_not_tabulated": 230}, "total_tasks": 489, "updated_utc": "2026-09-24T17:25:25.603877+00:00"}
{"certified_ko": false, "completed_e6": 488, "counts": {"RUNNING": 1, "computed": 488}, "finite_comparison_counts": {"order_differs": 3, "order_matches_extensions_unresolved": 87}, "space_comparison_counts": {"layer_discrepancy": 33, "layers_match": 194, "not_computed": 1, "paper_incomplete": 2, "twist_not_tabulated": 230}, "total_tasks": 489, "updated_utc": "2026-09-24T17:26:26.166636+00:00"}
{"certified_ko": false, "completed_e6": 488, "counts": {"RUNNING": 1, "computed": 488}, "finite_comparison_counts": {"order_differs": 3, "order_matches_extensions_unresolved": 87}, "space_comparison_counts": {"layer_discrepancy": 33, "layers_match": 194, "not_computed": 1, "paper_incomplete": 2, "twist_not_tabulated": 230}, "total_tasks": 489, "updated_utc": "2026-09-24T17:27:26.723630+00:00"}
{"certified_ko": false, "completed_e6": 488, "counts": {"RUNNING": 1, "computed": 488}, "finite_comparison_counts": {"order_differs": 3, "order_matches_extensions_unresolved": 87}, "space_comparison_counts": {"layer_discrepancy": 33, "layers_match": 194, "not_computed": 1, "paper_incomplete": 2, "twist_not_tabulated": 230}, "total_tasks": 489, "updated_utc": "2026-09-24T17:28:27.285214+00:00"}
{"certified_ko": false, "completed_e6": 488, "counts": {"RUNNING": 1, "computed": 488}, "finite_comparison_counts": {"order_differs": 3, "order_matches_extensions_unresolved": 87}, "space_comparison_counts": {"layer_discrepancy": 33, "layers_match": 194, "not_computed": 1, "paper_incomplete": 2, "twist_not_tabulated": 230}, "total_tasks": 489, "updated_utc": "2026-09-24T17:29:27.848746+00:00"}
{"certified_ko": false, "completed_e6": 488, "counts": {"RUNNING": 1, "computed": 488}, "finite_comparison_counts": {"order_differs": 3, "order_matches_extensions_unresolved": 87}, "space_comparison_counts": {"layer_discrepancy": 33, "layers_match": 194, "not_computed": 1, "paper_incomplete": 2, "twist_not_tabulated": 230}, "total_tasks": 489, "updated_utc": "2026-09-24T17:30:28.409197+00:00"}
{"certified_ko": false, "completed_e6": 488, "counts": {"RUNNING": 1, "computed": 488}, "finite_comparison_counts": {"order_differs": 3, "order_matches_extensions_unresolved": 87}, "space_comparison_counts": {"layer_discrepancy": 33, "layers_match": 194, "not_computed": 1, "paper_incomplete": 2, "twist_not_tabulated": 230}, "total_tasks": 489, "updated_utc": "2026-09-24T17:31:28.965686+00:00"}
{"certified_ko": false, "completed_e6": 488, "counts": {"RUNNING": 1, "computed": 488}, "finite_comparison_counts": {"order_differs": 3, "order_matches_extensions_unresolved": 87}, "space_comparison_counts": {"layer_discrepancy": 33, "layers_match": 194, "not_computed": 1, "paper_incomplete": 2, "twist_not_tabulated": 230}, "total_tasks": 489, "updated_utc": "2026-09-24T17:32:29.522890+00:00"}
{"certified_ko": false, "completed_e6": 488, "counts": {"RUNNING": 1, "computed": 488}, "finite_comparison_counts": {"order_differs": 3, "order_matches_extensions_unresolved": 87}, "space_comparison_counts": {"layer_discrepancy": 33, "layers_match": 194, "not_computed": 1, "paper_incomplete": 2, "twist_not_tabulated": 230}, "total_tasks": 489, "updated_utc": "2026-09-24T17:33:30.081620+00:00"}
{"certified_ko": false, "completed_e6": 488, "counts": {"RUNNING": 1, "computed": 488}, "finite_comparison_counts": {"order_differs": 3, "order_matches_extensions_unresolved": 87}, "space_comparison_counts": {"layer_discrepancy": 33, "layers_match": 194, "not_computed": 1, "paper_incomplete": 2, "twist_not_tabulated": 230}, "total_tasks": 489, "updated_utc": "2026-09-24T17:34:30.643636+00:00"}
{"certified_ko": false, "completed_e6": 488, "counts": {"RUNNING": 1, "computed": 488}, "finite_comparison_counts": {"order_differs": 3, "order_matches_extensions_unresolved": 87}, "space_comparison_counts": {"layer_discrepancy": 33, "layers_match": 194, "not_computed": 1, "paper_incomplete": 2, "twist_not_tabulated": 230}, "total_tasks": 489, "updated_utc": "2026-09-24T17:35:31.202127+00:00"}
{"certified_ko": false, "completed_e6": 488, "counts": {"RUNNING": 1, "computed": 488}, "finite_comparison_counts": {"order_differs": 3, "order_matches_extensions_unresolved": 87}, "space_comparison_counts": {"layer_discrepancy": 33, "layers_match": 194, "not_computed": 1, "paper_incomplete": 2, "twist_not_tabulated": 230}, "total_tasks": 489, "updated_utc": "2026-09-24T17:36:31.764147+00:00"}
{"certified_ko": false, "completed_e6": 488, "counts": {"RUNNING": 1, "computed": 488}, "finite_comparison_counts": {"order_differs": 3, "order_matches_extensions_unresolved": 87}, "space_comparison_counts": {"layer_discrepancy": 33, "layers_match": 194, "not_computed": 1, "paper_incomplete": 2, "twist_not_tabulated": 230}, "total_tasks": 489, "updated_utc": "2026-09-24T17:37:32.325022+00:00"}
{"certified_ko": false, "completed_e6": 488, "counts": {"RUNNING": 1, "computed": 488}, "finite_comparison_counts": {"order_differs": 3, "order_matches_extensions_unresolved": 87}, "space_comparison_counts": {"layer_discrepancy": 33, "layers_match": 194, "not_computed": 1, "paper_incomplete": 2, "twist_not_tabulated": 230}, "total_tasks": 489, "updated_utc": "2026-09-24T17:38:32.883675+00:00"}
{"certified_ko": false, "completed_e6": 488, "counts": {"RUNNING": 1, "computed": 488}, "finite_comparison_counts": {"order_differs": 3, "order_matches_extensions_unresolved": 87}, "space_comparison_counts": {"layer_discrepancy": 33, "layers_match": 194, "not_computed": 1, "paper_incomplete": 2, "twist_not_tabulated": 230}, "total_tasks": 489, "updated_utc": "2026-09-24T17:39:33.451794+00:00"}
{"certified_ko": false, "completed_e6": 488, "counts": {"RUNNING": 1, "computed": 488}, "finite_comparison_counts": {"order_differs": 3, "order_matches_extensions_unresolved": 87}, "space_comparison_counts": {"layer_discrepancy": 33, "layers_match": 194, "not_computed": 1, "paper_incomplete": 2, "twist_not_tabulated": 230}, "total_tasks": 489, "updated_utc": "2026-09-24T17:40:34.010914+00:00"}
{"certified_ko": false, "completed_e6": 488, "counts": {"RUNNING": 1, "computed": 488}, "finite_comparison_counts": {"order_differs": 3, "order_matches_extensions_unresolved": 87}, "space_comparison_counts": {"layer_discrepancy": 33, "layers_match": 194, "not_computed": 1, "paper_incomplete": 2, "twist_not_tabulated": 230}, "total_tasks": 489, "updated_utc": "2026-09-24T17:41:34.572592+00:00"}
{"certified_ko": false, "completed_e6": 488, "counts": {"RUNNING": 1, "computed": 488}, "finite_comparison_counts": {"order_differs": 3, "order_matches_extensions_unresolved": 87}, "space_comparison_counts": {"layer_discrepancy": 33, "layers_match": 194, "not_computed": 1, "paper_incomplete": 2, "twist_not_tabulated": 230}, "total_tasks": 489, "updated_utc": "2026-09-24T17:42:35.135593+00:00"}
{"certified_ko": false, "completed_e6": 488, "counts": {"RUNNING": 1, "computed": 488}, "finite_comparison_counts": {"order_differs": 3, "order_matches_extensions_unresolved": 87}, "space_comparison_counts": {"layer_discrepancy": 33, "layers_match": 194, "not_computed": 1, "paper_incomplete": 2, "twist_not_tabulated": 230}, "total_tasks": 489, "updated_utc": "2026-09-24T17:43:35.694846+00:00"}
{"certified_ko": false, "completed_e6": 488, "counts": {"RUNNING": 1, "computed": 488}, "finite_comparison_counts": {"order_differs": 3, "order_matches_extensions_unresolved": 87}, "space_comparison_counts": {"layer_discrepancy": 33, "layers_match": 194, "not_computed": 1, "paper_incomplete": 2, "twist_not_tabulated": 230}, "total_tasks": 489, "updated_utc": "2026-09-24T17:44:36.253534+00:00"}
{"certified_ko": false, "completed_e6": 488, "counts": {"RUNNING": 1, "computed": 488}, "finite_comparison_counts": {"order_differs": 3, "order_matches_extensions_unresolved": 87}, "space_comparison_counts": {"layer_discrepancy": 33, "layers_match": 194, "not_computed": 1, "paper_incomplete": 2, "twist_not_tabulated": 230}, "total_tasks": 489, "updated_utc": "2026-09-24T17:45:36.812605+00:00"}
{"certified_ko": false, "completed_e6": 488, "counts": {"RUNNING": 1, "computed": 488}, "finite_comparison_counts": {"order_differs": 3, "order_matches_extensions_unresolved": 87}, "space_comparison_counts": {"layer_discrepancy": 33, "layers_match": 194, "not_computed": 1, "paper_incomplete": 2, "twist_not_tabulated": 230}, "total_tasks": 489, "updated_utc": "2026-09-24T17:46:37.373500+00:00"}
{"certified_ko": false, "completed_e6": 488, "counts": {"RUNNING": 1, "computed": 488}, "finite_comparison_counts": {"order_differs": 3, "order_matches_extensions_unresolved": 87}, "space_comparison_counts": {"layer_discrepancy": 33, "layers_match": 194, "not_computed": 1, "paper_incomplete": 2, "twist_not_tabulated": 230}, "total_tasks": 489, "updated_utc": "2026-09-24T17:47:37.937169+00:00"}
{"certified_ko": false, "completed_e6": 488, "counts": {"RUNNING": 1, "computed": 488}, "finite_comparison_counts": {"order_differs": 3, "order_matches_extensions_unresolved": 87}, "space_comparison_counts": {"layer_discrepancy": 33, "layers_match": 194, "not_computed": 1, "paper_incomplete": 2, "twist_not_tabulated": 230}, "total_tasks": 489, "updated_utc": "2026-09-24T17:48:38.498553+00:00"}
{"certified_ko": false, "completed_e6": 488, "counts": {"RUNNING": 1, "computed": 488}, "finite_comparison_counts": {"order_differs": 3, "order_matches_extensions_unresolved": 87}, "space_comparison_counts": {"layer_discrepancy": 33, "layers_match": 194, "not_computed": 1, "paper_incomplete": 2, "twist_not_tabulated": 230}, "total_tasks": 489, "updated_utc": "2026-09-24T17:49:39.055841+00:00"}
{"certified_ko": false, "completed_e6": 488, "counts": {"RUNNING": 1, "computed": 488}, "finite_comparison_counts": {"order_differs": 3, "order_matches_extensions_unresolved": 87}, "space_comparison_counts": {"layer_discrepancy": 33, "layers_match": 194, "not_computed": 1, "paper_incomplete": 2, "twist_not_tabulated": 230}, "total_tasks": 489, "updated_utc": "2026-09-24T17:50:39.616883+00:00"}
{"certified_ko": false, "completed_e6": 488, "counts": {"RUNNING": 1, "computed": 488}, "finite_comparison_counts": {"order_differs": 3, "order_matches_extensions_unresolved": 87}, "space_comparison_counts": {"layer_discrepancy": 33, "layers_match": 194, "not_computed": 1, "paper_incomplete": 2, "twist_not_tabulated": 230}, "total_tasks": 489, "updated_utc": "2026-09-24T17:51:40.176690+00:00"}
{"certified_ko": false, "completed_e6": 488, "counts": {"RUNNING": 1, "computed": 488}, "finite_comparison_counts": {"order_differs": 3, "order_matches_extensions_unresolved": 87}, "space_comparison_counts": {"layer_discrepancy": 33, "layers_match": 194, "not_computed": 1, "paper_incomplete": 2, "twist_not_tabulated": 230}, "total_tasks": 489, "updated_utc": "2026-09-24T17:52:40.736329+00:00"}
{"certified_ko": false, "completed_e6": 488, "counts": {"RUNNING": 1, "computed": 488}, "finite_comparison_counts": {"order_differs": 3, "order_matches_extensions_unresolved": 87}, "space_comparison_counts": {"layer_discrepancy": 33, "layers_match": 194, "not_computed": 1, "paper_incomplete": 2, "twist_not_tabulated": 230}, "total_tasks": 489, "updated_utc": "2026-09-24T17:53:41.298826+00:00"}
{"certified_ko": false, "completed_e6": 488, "counts": {"RUNNING": 1, "computed": 488}, "finite_comparison_counts": {"order_differs": 3, "order_matches_extensions_unresolved": 87}, "space_comparison_counts": {"layer_discrepancy": 33, "layers_match": 194, "not_computed": 1, "paper_incomplete": 2, "twist_not_tabulated": 230}, "total_tasks": 489, "updated_utc": "2026-09-24T17:54:41.864806+00:00"}
{"certified_ko": false, "completed_e6": 488, "counts": {"RUNNING": 1, "computed": 488}, "finite_comparison_counts": {"order_differs": 3, "order_matches_extensions_unresolved": 87}, "space_comparison_counts": {"layer_discrepancy": 33, "layers_match": 194, "not_computed": 1, "paper_incomplete": 2, "twist_not_tabulated": 230}, "total_tasks": 489, "updated_utc": "2026-09-24T17:55:42.421945+00:00"}
{"certified_ko": false, "completed_e6": 488, "counts": {"RUNNING": 1, "computed": 488}, "finite_comparison_counts": {"order_differs": 3, "order_matches_extensions_unresolved": 87}, "space_comparison_counts": {"layer_discrepancy": 33, "layers_match": 194, "not_computed": 1, "paper_incomplete": 2, "twist_not_tabulated": 230}, "total_tasks": 489, "updated_utc": "2026-09-24T17:56:42.980610+00:00"}
{"certified_ko": false, "completed_e6": 488, "counts": {"RUNNING": 1, "computed": 488}, "finite_comparison_counts": {"order_differs": 3, "order_matches_extensions_unresolved": 87}, "space_comparison_counts": {"layer_discrepancy": 33, "layers_match": 194, "not_computed": 1, "paper_incomplete": 2, "twist_not_tabulated": 230}, "total_tasks": 489, "updated_utc": "2026-09-24T17:57:43.672515+00:00"}
{"certified_ko": false, "completed_e6": 488, "counts": {"RUNNING": 1, "computed": 488}, "finite_comparison_counts": {"order_differs": 3, "order_matches_extensions_unresolved": 87}, "space_comparison_counts": {"layer_discrepancy": 33, "layers_match": 194, "not_computed": 1, "paper_incomplete": 2, "twist_not_tabulated": 230}, "total_tasks": 489, "updated_utc": "2026-09-24T17:58:44.236384+00:00"}
{"certified_ko": false, "completed_e6": 488, "counts": {"RUNNING": 1, "computed": 488}, "finite_comparison_counts": {"order_differs": 3, "order_matches_extensions_unresolved": 87}, "space_comparison_counts": {"layer_discrepancy": 33, "layers_match": 194, "not_computed": 1, "paper_incomplete": 2, "twist_not_tabulated": 230}, "total_tasks": 489, "updated_utc": "2026-09-24T17:59:44.799261+00:00"}
{"certified_ko": false, "completed_e6": 488, "counts": {"RUNNING": 1, "computed": 488}, "finite_comparison_counts": {"order_differs": 3, "order_matches_extensions_unresolved": 87}, "space_comparison_counts": {"layer_discrepancy": 33, "layers_match": 194, "not_computed": 1, "paper_incomplete": 2, "twist_not_tabulated": 230}, "total_tasks": 489, "updated_utc": "2026-09-24T18:00:45.367544+00:00"}
{"certified_ko": false, "completed_e6": 488, "counts": {"RUNNING": 1, "computed": 488}, "finite_comparison_counts": {"order_differs": 3, "order_matches_extensions_unresolved": 87}, "space_comparison_counts": {"layer_discrepancy": 33, "layers_match": 194, "not_computed": 1, "paper_incomplete": 2, "twist_not_tabulated": 230}, "total_tasks": 489, "updated_utc": "2026-09-24T18:01:45.939047+00:00"}
{"certified_ko": false, "completed_e6": 488, "counts": {"RUNNING": 1, "computed": 488}, "finite_comparison_counts": {"order_differs": 3, "order_matches_extensions_unresolved": 87}, "space_comparison_counts": {"layer_discrepancy": 33, "layers_match": 194, "not_computed": 1, "paper_incomplete": 2, "twist_not_tabulated": 230}, "total_tasks": 489, "updated_utc": "2026-09-24T18:02:46.500436+00:00"}
{"certified_ko": false, "completed_e6": 488, "counts": {"RUNNING": 1, "computed": 488}, "finite_comparison_counts": {"order_differs": 3, "order_matches_extensions_unresolved": 87}, "space_comparison_counts": {"layer_discrepancy": 33, "layers_match": 194, "not_computed": 1, "paper_incomplete": 2, "twist_not_tabulated": 230}, "total_tasks": 489, "updated_utc": "2026-09-24T18:03:47.058803+00:00"}
{"certified_ko": false, "completed_e6": 488, "counts": {"RUNNING": 1, "computed": 488}, "finite_comparison_counts": {"order_differs": 3, "order_matches_extensions_unresolved": 87}, "space_comparison_counts": {"layer_discrepancy": 33, "layers_match": 194, "not_computed": 1, "paper_incomplete": 2, "twist_not_tabulated": 230}, "total_tasks": 489, "updated_utc": "2026-09-24T18:04:47.620761+00:00"}
{"certified_ko": false, "completed_e6": 488, "counts": {"RUNNING": 1, "computed": 488}, "finite_comparison_counts": {"order_differs": 3, "order_matches_extensions_unresolved": 87}, "space_comparison_counts": {"layer_discrepancy": 33, "layers_match": 194, "not_computed": 1, "paper_incomplete": 2, "twist_not_tabulated": 230}, "total_tasks": 489, "updated_utc": "2026-09-24T18:05:48.181435+00:00"}
{"certified_ko": false, "completed_e6": 488, "counts": {"RUNNING": 1, "computed": 488}, "finite_comparison_counts": {"order_differs": 3, "order_matches_extensions_unresolved": 87}, "space_comparison_counts": {"layer_discrepancy": 33, "layers_match": 194, "not_computed": 1, "paper_incomplete": 2, "twist_not_tabulated": 230}, "total_tasks": 489, "updated_utc": "2026-09-24T18:06:48.740635+00:00"}
{"certified_ko": false, "completed_e6": 488, "counts": {"RUNNING": 1, "computed": 488}, "finite_comparison_counts": {"order_differs": 3, "order_matches_extensions_unresolved": 87}, "space_comparison_counts": {"layer_discrepancy": 33, "layers_match": 194, "not_computed": 1, "paper_incomplete": 2, "twist_not_tabulated": 230}, "total_tasks": 489, "updated_utc": "2026-09-24T18:07:49.298020+00:00"}
{"certified_ko": false, "completed_e6": 488, "counts": {"RUNNING": 1, "computed": 488}, "finite_comparison_counts": {"order_differs": 3, "order_matches_extensions_unresolved": 87}, "space_comparison_counts": {"layer_discrepancy": 33, "layers_match": 194, "not_computed": 1, "paper_incomplete": 2, "twist_not_tabulated": 230}, "total_tasks": 489, "updated_utc": "2026-09-24T18:08:49.855691+00:00"}
{"certified_ko": false, "completed_e6": 488, "counts": {"RUNNING": 1, "computed": 488}, "finite_comparison_counts": {"order_differs": 3, "order_matches_extensions_unresolved": 87}, "space_comparison_counts": {"layer_discrepancy": 33, "layers_match": 194, "not_computed": 1, "paper_incomplete": 2, "twist_not_tabulated": 230}, "total_tasks": 489, "updated_utc": "2026-09-24T18:09:50.414100+00:00"}
{"certified_ko": false, "completed_e6": 488, "counts": {"RUNNING": 1, "computed": 488}, "finite_comparison_counts": {"order_differs": 3, "order_matches_extensions_unresolved": 87}, "space_comparison_counts": {"layer_discrepancy": 33, "layers_match": 194, "not_computed": 1, "paper_incomplete": 2, "twist_not_tabulated": 230}, "total_tasks": 489, "updated_utc": "2026-09-24T18:10:50.976987+00:00"}
{"certified_ko": false, "completed_e6": 488, "counts": {"RUNNING": 1, "computed": 488}, "finite_comparison_counts": {"order_differs": 3, "order_matches_extensions_unresolved": 87}, "space_comparison_counts": {"layer_discrepancy": 33, "layers_match": 194, "not_computed": 1, "paper_incomplete": 2, "twist_not_tabulated": 230}, "total_tasks": 489, "updated_utc": "2026-09-24T18:11:51.535315+00:00"}
{"certified_ko": false, "completed_e6": 488, "counts": {"RUNNING": 1, "computed": 488}, "finite_comparison_counts": {"order_differs": 3, "order_matches_extensions_unresolved": 87}, "space_comparison_counts": {"layer_discrepancy": 33, "layers_match": 194, "not_computed": 1, "paper_incomplete": 2, "twist_not_tabulated": 230}, "total_tasks": 489, "updated_utc": "2026-09-24T18:12:52.101931+00:00"}
{"certified_ko": false, "completed_e6": 488, "counts": {"RUNNING": 1, "computed": 488}, "finite_comparison_counts": {"order_differs": 3, "order_matches_extensions_unresolved": 87}, "space_comparison_counts": {"layer_discrepancy": 33, "layers_match": 194, "not_computed": 1, "paper_incomplete": 2, "twist_not_tabulated": 230}, "total_tasks": 489, "updated_utc": "2026-09-24T18:13:52.670396+00:00"}
{"certified_ko": false, "completed_e6": 488, "counts": {"RUNNING": 1, "computed": 488}, "finite_comparison_counts": {"order_differs": 3, "order_matches_extensions_unresolved": 87}, "space_comparison_counts": {"layer_discrepancy": 33, "layers_match": 194, "not_computed": 1, "paper_incomplete": 2, "twist_not_tabulated": 230}, "total_tasks": 489, "updated_utc": "2026-09-24T18:14:53.237185+00:00"}
{"certified_ko": false, "completed_e6": 488, "counts": {"RUNNING": 1, "computed": 488}, "finite_comparison_counts": {"order_differs": 3, "order_matches_extensions_unresolved": 87}, "space_comparison_counts": {"layer_discrepancy": 33, "layers_match": 194, "not_computed": 1, "paper_incomplete": 2, "twist_not_tabulated": 230}, "total_tasks": 489, "updated_utc": "2026-09-24T18:15:53.806389+00:00"}
{"certified_ko": false, "completed_e6": 488, "counts": {"RUNNING": 1, "computed": 488}, "finite_comparison_counts": {"order_differs": 3, "order_matches_extensions_unresolved": 87}, "space_comparison_counts": {"layer_discrepancy": 33, "layers_match": 194, "not_computed": 1, "paper_incomplete": 2, "twist_not_tabulated": 230}, "total_tasks": 489, "updated_utc": "2026-09-24T18:16:54.367897+00:00"}
{"certified_ko": false, "completed_e6": 488, "counts": {"RUNNING": 1, "computed": 488}, "finite_comparison_counts": {"order_differs": 3, "order_matches_extensions_unresolved": 87}, "space_comparison_counts": {"layer_discrepancy": 33, "layers_match": 194, "not_computed": 1, "paper_incomplete": 2, "twist_not_tabulated": 230}, "total_tasks": 489, "updated_utc": "2026-09-24T18:17:54.929261+00:00"}
{"certified_ko": false, "completed_e6": 488, "counts": {"RUNNING": 1, "computed": 488}, "finite_comparison_counts": {"order_differs": 3, "order_matches_extensions_unresolved": 87}, "space_comparison_counts": {"layer_discrepancy": 33, "layers_match": 194, "not_computed": 1, "paper_incomplete": 2, "twist_not_tabulated": 230}, "total_tasks": 489, "updated_utc": "2026-09-24T18:18:55.488222+00:00"}
{"certified_ko": false, "completed_e6": 488, "counts": {"RUNNING": 1, "computed": 488}, "finite_comparison_counts": {"order_differs": 3, "order_matches_extensions_unresolved": 87}, "space_comparison_counts": {"layer_discrepancy": 33, "layers_match": 194, "not_computed": 1, "paper_incomplete": 2, "twist_not_tabulated": 230}, "total_tasks": 489, "updated_utc": "2026-09-24T18:19:56.055911+00:00"}
{"certified_ko": false, "completed_e6": 488, "counts": {"RUNNING": 1, "computed": 488}, "finite_comparison_counts": {"order_differs": 3, "order_matches_extensions_unresolved": 87}, "space_comparison_counts": {"layer_discrepancy": 33, "layers_match": 194, "not_computed": 1, "paper_incomplete": 2, "twist_not_tabulated": 230}, "total_tasks": 489, "updated_utc": "2026-09-24T18:20:56.620218+00:00"}
{"certified_ko": false, "completed_e6": 488, "counts": {"RUNNING": 1, "computed": 488}, "finite_comparison_counts": {"order_differs": 3, "order_matches_extensions_unresolved": 87}, "space_comparison_counts": {"layer_discrepancy": 33, "layers_match": 194, "not_computed": 1, "paper_incomplete": 2, "twist_not_tabulated": 230}, "total_tasks": 489, "updated_utc": "2026-09-24T18:21:57.181109+00:00"}
{"certified_ko": false, "completed_e6": 488, "counts": {"RUNNING": 1, "computed": 488}, "finite_comparison_counts": {"order_differs": 3, "order_matches_extensions_unresolved": 87}, "space_comparison_counts": {"layer_discrepancy": 33, "layers_match": 194, "not_computed": 1, "paper_incomplete": 2, "twist_not_tabulated": 230}, "total_tasks": 489, "updated_utc": "2026-09-24T18:22:57.741627+00:00"}
{"certified_ko": false, "completed_e6": 488, "counts": {"RUNNING": 1, "computed": 488}, "finite_comparison_counts": {"order_differs": 3, "order_matches_extensions_unresolved": 87}, "space_comparison_counts": {"layer_discrepancy": 33, "layers_match": 194, "not_computed": 1, "paper_incomplete": 2, "twist_not_tabulated": 230}, "total_tasks": 489, "updated_utc": "2026-09-24T18:23:58.299580+00:00"}
{"certified_ko": false, "completed_e6": 488, "counts": {"RUNNING": 1, "computed": 488}, "finite_comparison_counts": {"order_differs": 3, "order_matches_extensions_unresolved": 87}, "space_comparison_counts": {"layer_discrepancy": 33, "layers_match": 194, "not_computed": 1, "paper_incomplete": 2, "twist_not_tabulated": 230}, "total_tasks": 489, "updated_utc": "2026-09-24T18:24:58.860801+00:00"}
{"certified_ko": false, "completed_e6": 488, "counts": {"RUNNING": 1, "computed": 488}, "finite_comparison_counts": {"order_differs": 3, "order_matches_extensions_unresolved": 87}, "space_comparison_counts": {"layer_discrepancy": 33, "layers_match": 194, "not_computed": 1, "paper_incomplete": 2, "twist_not_tabulated": 230}, "total_tasks": 489, "updated_utc": "2026-09-24T18:26:05.085489+00:00"}
{"certified_ko": false, "completed_e6": 488, "counts": {"RUNNING": 1, "computed": 488}, "finite_comparison_counts": {"order_differs": 3, "order_matches_extensions_unresolved": 87}, "space_comparison_counts": {"layer_discrepancy": 33, "layers_match": 194, "not_computed": 1, "paper_incomplete": 2, "twist_not_tabulated": 230}, "total_tasks": 489, "updated_utc": "2026-09-24T18:27:05.652224+00:00"}
{"certified_ko": false, "completed_e6": 488, "counts": {"RUNNING": 1, "computed": 488}, "finite_comparison_counts": {"order_differs": 3, "order_matches_extensions_unresolved": 87}, "space_comparison_counts": {"layer_discrepancy": 33, "layers_match": 194, "not_computed": 1, "paper_incomplete": 2, "twist_not_tabulated": 230}, "total_tasks": 489, "updated_utc": "2026-09-24T18:28:06.212390+00:00"}
{"certified_ko": false, "completed_e6": 488, "counts": {"RUNNING": 1, "computed": 488}, "finite_comparison_counts": {"order_differs": 3, "order_matches_extensions_unresolved": 87}, "space_comparison_counts": {"layer_discrepancy": 33, "layers_match": 194, "not_computed": 1, "paper_incomplete": 2, "twist_not_tabulated": 230}, "total_tasks": 489, "updated_utc": "2026-09-24T18:29:06.770891+00:00"}
{"certified_ko": false, "completed_e6": 488, "counts": {"RUNNING": 1, "computed": 488}, "finite_comparison_counts": {"order_differs": 3, "order_matches_extensions_unresolved": 87}, "space_comparison_counts": {"layer_discrepancy": 33, "layers_match": 194, "not_computed": 1, "paper_incomplete": 2, "twist_not_tabulated": 230}, "total_tasks": 489, "updated_utc": "2026-09-24T18:30:07.335090+00:00"}
{"certified_ko": false, "completed_e6": 488, "counts": {"RUNNING": 1, "computed": 488}, "finite_comparison_counts": {"order_differs": 3, "order_matches_extensions_unresolved": 87}, "space_comparison_counts": {"layer_discrepancy": 33, "layers_match": 194, "not_computed": 1, "paper_incomplete": 2, "twist_not_tabulated": 230}, "total_tasks": 489, "updated_utc": "2026-09-24T18:31:07.896755+00:00"}
{"certified_ko": false, "completed_e6": 488, "counts": {"RUNNING": 1, "computed": 488}, "finite_comparison_counts": {"order_differs": 3, "order_matches_extensions_unresolved": 87}, "space_comparison_counts": {"layer_discrepancy": 33, "layers_match": 194, "not_computed": 1, "paper_incomplete": 2, "twist_not_tabulated": 230}, "total_tasks": 489, "updated_utc": "2026-09-24T18:32:08.455654+00:00"}
{"certified_ko": false, "completed_e6": 488, "counts": {"RUNNING": 1, "computed": 488}, "finite_comparison_counts": {"order_differs": 3, "order_matches_extensions_unresolved": 87}, "space_comparison_counts": {"layer_discrepancy": 33, "layers_match": 194, "not_computed": 1, "paper_incomplete": 2, "twist_not_tabulated": 230}, "total_tasks": 489, "updated_utc": "2026-09-24T18:33:09.014460+00:00"}
{"certified_ko": false, "completed_e6": 488, "counts": {"RUNNING": 1, "computed": 488}, "finite_comparison_counts": {"order_differs": 3, "order_matches_extensions_unresolved": 87}, "space_comparison_counts": {"layer_discrepancy": 33, "layers_match": 194, "not_computed": 1, "paper_incomplete": 2, "twist_not_tabulated": 230}, "total_tasks": 489, "updated_utc": "2026-09-24T18:34:09.578013+00:00"}
{"certified_ko": false, "completed_e6": 488, "counts": {"RUNNING": 1, "computed": 488}, "finite_comparison_counts": {"order_differs": 3, "order_matches_extensions_unresolved": 87}, "space_comparison_counts": {"layer_discrepancy": 33, "layers_match": 194, "not_computed": 1, "paper_incomplete": 2, "twist_not_tabulated": 230}, "total_tasks": 489, "updated_utc": "2026-09-24T18:35:10.139158+00:00"}
{"certified_ko": false, "completed_e6": 488, "counts": {"RUNNING": 1, "computed": 488}, "finite_comparison_counts": {"order_differs": 3, "order_matches_extensions_unresolved": 87}, "space_comparison_counts": {"layer_discrepancy": 33, "layers_match": 194, "not_computed": 1, "paper_incomplete": 2, "twist_not_tabulated": 230}, "total_tasks": 489, "updated_utc": "2026-09-24T18:36:10.698989+00:00"}
{"certified_ko": false, "completed_e6": 488, "counts": {"RUNNING": 1, "computed": 488}, "finite_comparison_counts": {"order_differs": 3, "order_matches_extensions_unresolved": 87}, "space_comparison_counts": {"layer_discrepancy": 33, "layers_match": 194, "not_computed": 1, "paper_incomplete": 2, "twist_not_tabulated": 230}, "total_tasks": 489, "updated_utc": "2026-09-24T18:37:11.261800+00:00"}
{"certified_ko": false, "completed_e6": 488, "counts": {"RUNNING": 1, "computed": 488}, "finite_comparison_counts": {"order_differs": 3, "order_matches_extensions_unresolved": 87}, "space_comparison_counts": {"layer_discrepancy": 33, "layers_match": 194, "not_computed": 1, "paper_incomplete": 2, "twist_not_tabulated": 230}, "total_tasks": 489, "updated_utc": "2026-09-24T18:38:11.821683+00:00"}
{"certified_ko": false, "completed_e6": 488, "counts": {"RUNNING": 1, "computed": 488}, "finite_comparison_counts": {"order_differs": 3, "order_matches_extensions_unresolved": 87}, "space_comparison_counts": {"layer_discrepancy": 33, "layers_match": 194, "not_computed": 1, "paper_incomplete": 2, "twist_not_tabulated": 230}, "total_tasks": 489, "updated_utc": "2026-09-24T18:39:12.381743+00:00"}
{"certified_ko": false, "completed_e6": 488, "counts": {"RUNNING": 1, "computed": 488}, "finite_comparison_counts": {"order_differs": 3, "order_matches_extensions_unresolved": 87}, "space_comparison_counts": {"layer_discrepancy": 33, "layers_match": 194, "not_computed": 1, "paper_incomplete": 2, "twist_not_tabulated": 230}, "total_tasks": 489, "updated_utc": "2026-09-24T18:40:12.931548+00:00"}
{"certified_ko": false, "completed_e6": 488, "counts": {"RUNNING": 1, "computed": 488}, "finite_comparison_counts": {"order_differs": 3, "order_matches_extensions_unresolved": 87}, "space_comparison_counts": {"layer_discrepancy": 33, "layers_match": 194, "not_computed": 1, "paper_incomplete": 2, "twist_not_tabulated": 230}, "total_tasks": 489, "updated_utc": "2026-09-24T18:41:13.491274+00:00"}
{"certified_ko": false, "completed_e6": 488, "counts": {"RUNNING": 1, "computed": 488}, "finite_comparison_counts": {"order_differs": 3, "order_matches_extensions_unresolved": 87}, "space_comparison_counts": {"layer_discrepancy": 33, "layers_match": 194, "not_computed": 1, "paper_incomplete": 2, "twist_not_tabulated": 230}, "total_tasks": 489, "updated_utc": "2026-09-24T18:42:14.050153+00:00"}
{"certified_ko": false, "completed_e6": 488, "counts": {"RUNNING": 1, "computed": 488}, "finite_comparison_counts": {"order_differs": 3, "order_matches_extensions_unresolved": 87}, "space_comparison_counts": {"layer_discrepancy": 33, "layers_match": 194, "not_computed": 1, "paper_incomplete": 2, "twist_not_tabulated": 230}, "total_tasks": 489, "updated_utc": "2026-09-24T18:43:14.609234+00:00"}
{"certified_ko": false, "completed_e6": 488, "counts": {"RUNNING": 1, "computed": 488}, "finite_comparison_counts": {"order_differs": 3, "order_matches_extensions_unresolved": 87}, "space_comparison_counts": {"layer_discrepancy": 33, "layers_match": 194, "not_computed": 1, "paper_incomplete": 2, "twist_not_tabulated": 230}, "total_tasks": 489, "updated_utc": "2026-09-24T18:44:15.170506+00:00"}
{"certified_ko": false, "completed_e6": 488, "counts": {"RUNNING": 1, "computed": 488}, "finite_comparison_counts": {"order_differs": 3, "order_matches_extensions_unresolved": 87}, "space_comparison_counts": {"layer_discrepancy": 33, "layers_match": 194, "not_computed": 1, "paper_incomplete": 2, "twist_not_tabulated": 230}, "total_tasks": 489, "updated_utc": "2026-09-24T18:45:15.730144+00:00"}
{"certified_ko": false, "completed_e6": 488, "counts": {"RUNNING": 1, "computed": 488}, "finite_comparison_counts": {"order_differs": 3, "order_matches_extensions_unresolved": 87}, "space_comparison_counts": {"layer_discrepancy": 33, "layers_match": 194, "not_computed": 1, "paper_incomplete": 2, "twist_not_tabulated": 230}, "total_tasks": 489, "updated_utc": "2026-09-24T18:46:16.288529+00:00"}
{"certified_ko": false, "completed_e6": 488, "counts": {"RUNNING": 1, "computed": 488}, "finite_comparison_counts": {"order_differs": 3, "order_matches_extensions_unresolved": 87}, "space_comparison_counts": {"layer_discrepancy": 33, "layers_match": 194, "not_computed": 1, "paper_incomplete": 2, "twist_not_tabulated": 230}, "total_tasks": 489, "updated_utc": "2026-09-24T18:47:16.852000+00:00"}
{"certified_ko": false, "completed_e6": 488, "counts": {"RUNNING": 1, "computed": 488}, "finite_comparison_counts": {"order_differs": 3, "order_matches_extensions_unresolved": 87}, "space_comparison_counts": {"layer_discrepancy": 33, "layers_match": 194, "not_computed": 1, "paper_incomplete": 2, "twist_not_tabulated": 230}, "total_tasks": 489, "updated_utc": "2026-09-24T18:48:17.412139+00:00"}
{"certified_ko": false, "completed_e6": 488, "counts": {"RUNNING": 1, "computed": 488}, "finite_comparison_counts": {"order_differs": 3, "order_matches_extensions_unresolved": 87}, "space_comparison_counts": {"layer_discrepancy": 33, "layers_match": 194, "not_computed": 1, "paper_incomplete": 2, "twist_not_tabulated": 230}, "total_tasks": 489, "updated_utc": "2026-09-24T18:49:17.974568+00:00"}
{"certified_ko": false, "completed_e6": 488, "counts": {"RUNNING": 1, "computed": 488}, "finite_comparison_counts": {"order_differs": 3, "order_matches_extensions_unresolved": 87}, "space_comparison_counts": {"layer_discrepancy": 33, "layers_match": 194, "not_computed": 1, "paper_incomplete": 2, "twist_not_tabulated": 230}, "total_tasks": 489, "updated_utc": "2026-09-24T18:50:18.535874+00:00"}
{"certified_ko": false, "completed_e6": 488, "counts": {"RUNNING": 1, "computed": 488}, "finite_comparison_counts": {"order_differs": 3, "order_matches_extensions_unresolved": 87}, "space_comparison_counts": {"layer_discrepancy": 33, "layers_match": 194, "not_computed": 1, "paper_incomplete": 2, "twist_not_tabulated": 230}, "total_tasks": 489, "updated_utc": "2026-09-24T18:51:19.098076+00:00"}
{"certified_ko": false, "completed_e6": 488, "counts": {"RUNNING": 1, "computed": 488}, "finite_comparison_counts": {"order_differs": 3, "order_matches_extensions_unresolved": 87}, "space_comparison_counts": {"layer_discrepancy": 33, "layers_match": 194, "not_computed": 1, "paper_incomplete": 2, "twist_not_tabulated": 230}, "total_tasks": 489, "updated_utc": "2026-09-24T18:52:19.659070+00:00"}
{"certified_ko": false, "completed_e6": 488, "counts": {"RUNNING": 1, "computed": 488}, "finite_comparison_counts": {"order_differs": 3, "order_matches_extensions_unresolved": 87}, "space_comparison_counts": {"layer_discrepancy": 33, "layers_match": 194, "not_computed": 1, "paper_incomplete": 2, "twist_not_tabulated": 230}, "total_tasks": 489, "updated_utc": "2026-09-24T18:53:20.218871+00:00"}
{"certified_ko": false, "completed_e6": 488, "counts": {"RUNNING": 1, "computed": 488}, "finite_comparison_counts": {"order_differs": 3, "order_matches_extensions_unresolved": 87}, "space_comparison_counts": {"layer_discrepancy": 33, "layers_match": 194, "not_computed": 1, "paper_incomplete": 2, "twist_not_tabulated": 230}, "total_tasks": 489, "updated_utc": "2026-09-24T18:54:20.780927+00:00"}
{"certified_ko": false, "completed_e6": 488, "counts": {"RUNNING": 1, "computed": 488}, "finite_comparison_counts": {"order_differs": 3, "order_matches_extensions_unresolved": 87}, "space_comparison_counts": {"layer_discrepancy": 33, "layers_match": 194, "not_computed": 1, "paper_incomplete": 2, "twist_not_tabulated": 230}, "total_tasks": 489, "updated_utc": "2026-09-24T18:55:21.343529+00:00"}
{"certified_ko": false, "completed_e6": 488, "counts": {"RUNNING": 1, "computed": 488}, "finite_comparison_counts": {"order_differs": 3, "order_matches_extensions_unresolved": 87}, "space_comparison_counts": {"layer_discrepancy": 33, "layers_match": 194, "not_computed": 1, "paper_incomplete": 2, "twist_not_tabulated": 230}, "total_tasks": 489, "updated_utc": "2026-09-24T18:56:21.905347+00:00"}
{"certified_ko": false, "completed_e6": 488, "counts": {"RUNNING": 1, "computed": 488}, "finite_comparison_counts": {"order_differs": 3, "order_matches_extensions_unresolved": 87}, "space_comparison_counts": {"layer_discrepancy": 33, "layers_match": 194, "not_computed": 1, "paper_incomplete": 2, "twist_not_tabulated": 230}, "total_tasks": 489, "updated_utc": "2026-09-24T18:57:22.467821+00:00"}
{"certified_ko": false, "completed_e6": 488, "counts": {"RUNNING": 1, "computed": 488}, "finite_comparison_counts": {"order_differs": 3, "order_matches_extensions_unresolved": 87}, "space_comparison_counts": {"layer_discrepancy": 33, "layers_match": 194, "not_computed": 1, "paper_incomplete": 2, "twist_not_tabulated": 230}, "total_tasks": 489, "updated_utc": "2026-09-24T18:58:23.043292+00:00"}
{"certified_ko": false, "completed_e6": 488, "counts": {"RUNNING": 1, "computed": 488}, "finite_comparison_counts": {"order_differs": 3, "order_matches_extensions_unresolved": 87}, "space_comparison_counts": {"layer_discrepancy": 33, "layers_match": 194, "not_computed": 1, "paper_incomplete": 2, "twist_not_tabulated": 230}, "total_tasks": 489, "updated_utc": "2026-09-24T18:59:23.599495+00:00"}
{"certified_ko": false, "completed_e6": 488, "counts": {"RUNNING": 1, "computed": 488}, "finite_comparison_counts": {"order_differs": 3, "order_matches_extensions_unresolved": 87}, "space_comparison_counts": {"layer_discrepancy": 33, "layers_match": 194, "not_computed": 1, "paper_incomplete": 2, "twist_not_tabulated": 230}, "total_tasks": 489, "updated_utc": "2026-09-24T19:00:24.156335+00:00"}
{"certified_ko": false, "completed_e6": 488, "counts": {"RUNNING": 1, "computed": 488}, "finite_comparison_counts": {"order_differs": 3, "order_matches_extensions_unresolved": 87}, "space_comparison_counts": {"layer_discrepancy": 33, "layers_match": 194, "not_computed": 1, "paper_incomplete": 2, "twist_not_tabulated": 230}, "total_tasks": 489, "updated_utc": "2026-09-24T19:01:24.713115+00:00"}
{"certified_ko": false, "completed_e6": 488, "counts": {"RUNNING": 1, "computed": 488}, "finite_comparison_counts": {"order_differs": 3, "order_matches_extensions_unresolved": 87}, "space_comparison_counts": {"layer_discrepancy": 33, "layers_match": 194, "not_computed": 1, "paper_incomplete": 2, "twist_not_tabulated": 230}, "total_tasks": 489, "updated_utc": "2026-09-24T19:02:25.274103+00:00"}
{"certified_ko": false, "completed_e6": 488, "counts": {"RUNNING": 1, "computed": 488}, "finite_comparison_counts": {"order_differs": 3, "order_matches_extensions_unresolved": 87}, "space_comparison_counts": {"layer_discrepancy": 33, "layers_match": 194, "not_computed": 1, "paper_incomplete": 2, "twist_not_tabulated": 230}, "total_tasks": 489, "updated_utc": "2026-09-24T19:03:25.831457+00:00"}
{"certified_ko": false, "completed_e6": 488, "counts": {"RUNNING": 1, "computed": 488}, "finite_comparison_counts": {"order_differs": 3, "order_matches_extensions_unresolved": 87}, "space_comparison_counts": {"layer_discrepancy": 33, "layers_match": 194, "not_computed": 1, "paper_incomplete": 2, "twist_not_tabulated": 230}, "total_tasks": 489, "updated_utc": "2026-09-24T19:04:26.394691+00:00"}
{"certified_ko": false, "completed_e6": 488, "counts": {"RUNNING": 1, "computed": 488}, "finite_comparison_counts": {"order_differs": 3, "order_matches_extensions_unresolved": 87}, "space_comparison_counts": {"layer_discrepancy": 33, "layers_match": 194, "not_computed": 1, "paper_incomplete": 2, "twist_not_tabulated": 230}, "total_tasks": 489, "updated_utc": "2026-09-24T19:05:26.954699+00:00"}
{"certified_ko": false, "completed_e6": 488, "counts": {"RUNNING": 1, "computed": 488}, "finite_comparison_counts": {"order_differs": 3, "order_matches_extensions_unresolved": 87}, "space_comparison_counts": {"layer_discrepancy": 33, "layers_match": 194, "not_computed": 1, "paper_incomplete": 2, "twist_not_tabulated": 230}, "total_tasks": 489, "updated_utc": "2026-09-24T19:06:27.516101+00:00"}
{"certified_ko": false, "completed_e6": 488, "counts": {"RUNNING": 1, "computed": 488}, "finite_comparison_counts": {"order_differs": 3, "order_matches_extensions_unresolved": 87}, "space_comparison_counts": {"layer_discrepancy": 33, "layers_match": 194, "not_computed": 1, "paper_incomplete": 2, "twist_not_tabulated": 230}, "total_tasks": 489, "updated_utc": "2026-09-24T19:07:28.076323+00:00"}
{"certified_ko": false, "completed_e6": 488, "counts": {"RUNNING": 1, "computed": 488}, "finite_comparison_counts": {"order_differs": 3, "order_matches_extensions_unresolved": 87}, "space_comparison_counts": {"layer_discrepancy": 33, "layers_match": 194, "not_computed": 1, "paper_incomplete": 2, "twist_not_tabulated": 230}, "total_tasks": 489, "updated_utc": "2026-09-24T19:08:28.634159+00:00"}
{"certified_ko": false, "completed_e6": 488, "counts": {"RUNNING": 1, "computed": 488}, "finite_comparison_counts": {"order_differs": 3, "order_matches_extensions_unresolved": 87}, "space_comparison_counts": {"layer_discrepancy": 33, "layers_match": 194, "not_computed": 1, "paper_incomplete": 2, "twist_not_tabulated": 230}, "total_tasks": 489, "updated_utc": "2026-09-24T19:09:29.193263+00:00"}
{"certified_ko": false, "completed_e6": 488, "counts": {"RUNNING": 1, "computed": 488}, "finite_comparison_counts": {"order_differs": 3, "order_matches_extensions_unresolved": 87}, "space_comparison_counts": {"layer_discrepancy": 33, "layers_match": 194, "not_computed": 1, "paper_incomplete": 2, "twist_not_tabulated": 230}, "total_tasks": 489, "updated_utc": "2026-09-24T19:10:29.752557+00:00"}
{"certified_ko": false, "completed_e6": 488, "counts": {"RUNNING": 1, "computed": 488}, "finite_comparison_counts": {"order_differs": 3, "order_matches_extensions_unresolved": 87}, "space_comparison_counts": {"layer_discrepancy": 33, "layers_match": 194, "not_computed": 1, "paper_incomplete": 2, "twist_not_tabulated": 230}, "total_tasks": 489, "updated_utc": "2026-09-24T19:11:30.310347+00:00"}
{"certified_ko": false, "completed_e6": 488, "counts": {"RUNNING": 1, "computed": 488}, "finite_comparison_counts": {"order_differs": 3, "order_matches_extensions_unresolved": 87}, "space_comparison_counts": {"layer_discrepancy": 33, "layers_match": 194, "not_computed": 1, "paper_incomplete": 2, "twist_not_tabulated": 230}, "total_tasks": 489, "updated_utc": "2026-09-24T19:12:30.865344+00:00"}
{"certified_ko": false, "completed_e6": 488, "counts": {"RUNNING": 1, "computed": 488}, "finite_comparison_counts": {"order_differs": 3, "order_matches_extensions_unresolved": 87}, "space_comparison_counts": {"layer_discrepancy": 33, "layers_match": 194, "not_computed": 1, "paper_incomplete": 2, "twist_not_tabulated": 230}, "total_tasks": 489, "updated_utc": "2026-09-24T19:13:31.428494+00:00"}
{"certified_ko": false, "completed_e6": 488, "counts": {"RUNNING": 1, "computed": 488}, "finite_comparison_counts": {"order_differs": 3, "order_matches_extensions_unresolved": 87}, "space_comparison_counts": {"layer_discrepancy": 33, "layers_match": 194, "not_computed": 1, "paper_incomplete": 2, "twist_not_tabulated": 230}, "total_tasks": 489, "updated_utc": "2026-09-24T19:14:31.992652+00:00"}
{"certified_ko": false, "completed_e6": 488, "counts": {"RUNNING": 1, "computed": 488}, "finite_comparison_counts": {"order_differs": 3, "order_matches_extensions_unresolved": 87}, "space_comparison_counts": {"layer_discrepancy": 33, "layers_match": 194, "not_computed": 1, "paper_incomplete": 2, "twist_not_tabulated": 230}, "total_tasks": 489, "updated_utc": "2026-09-24T19:15:32.552468+00:00"}
{"certified_ko": false, "completed_e6": 488, "counts": {"RUNNING": 1, "computed": 488}, "finite_comparison_counts": {"order_differs": 3, "order_matches_extensions_unresolved": 87}, "space_comparison_counts": {"layer_discrepancy": 33, "layers_match": 194, "not_computed": 1, "paper_incomplete": 2, "twist_not_tabulated": 230}, "total_tasks": 489, "updated_utc": "2026-09-24T19:16:33.107939+00:00"}
{"certified_ko": false, "completed_e6": 488, "counts": {"RUNNING": 1, "computed": 488}, "finite_comparison_counts": {"order_differs": 3, "order_matches_extensions_unresolved": 87}, "space_comparison_counts": {"layer_discrepancy": 33, "layers_match": 194, "not_computed": 1, "paper_incomplete": 2, "twist_not_tabulated": 230}, "total_tasks": 489, "updated_utc": "2026-09-24T19:17:33.668307+00:00"}
{"certified_ko": false, "completed_e6": 488, "counts": {"RUNNING": 1, "computed": 488}, "finite_comparison_counts": {"order_differs": 3, "order_matches_extensions_unresolved": 87}, "space_comparison_counts": {"layer_discrepancy": 33, "layers_match": 194, "not_computed": 1, "paper_incomplete": 2, "twist_not_tabulated": 230}, "total_tasks": 489, "updated_utc": "2026-09-24T19:18:34.224928+00:00"}
{"certified_ko": false, "completed_e6": 488, "counts": {"RUNNING": 1, "computed": 488}, "finite_comparison_counts": {"order_differs": 3, "order_matches_extensions_unresolved": 87}, "space_comparison_counts": {"layer_discrepancy": 33, "layers_match": 194, "not_computed": 1, "paper_incomplete": 2, "twist_not_tabulated": 230}, "total_tasks": 489, "updated_utc": "2026-09-24T19:19:34.783782+00:00"}
{"certified_ko": false, "completed_e6": 488, "counts": {"RUNNING": 1, "computed": 488}, "finite_comparison_counts": {"order_differs": 3, "order_matches_extensions_unresolved": 87}, "space_comparison_counts": {"layer_discrepancy": 33, "layers_match": 194, "not_computed": 1, "paper_incomplete": 2, "twist_not_tabulated": 230}, "total_tasks": 489, "updated_utc": "2026-09-24T19:20:35.348000+00:00"}
{"certified_ko": false, "completed_e6": 488, "counts": {"RUNNING": 1, "computed": 488}, "finite_comparison_counts": {"order_differs": 3, "order_matches_extensions_unresolved": 87}, "space_comparison_counts": {"layer_discrepancy": 33, "layers_match": 194, "not_computed": 1, "paper_incomplete": 2, "twist_not_tabulated": 230}, "total_tasks": 489, "updated_utc": "2026-09-24T19:21:35.908292+00:00"}
{"certified_ko": false, "completed_e6": 488, "counts": {"RUNNING": 1, "computed": 488}, "finite_comparison_counts": {"order_differs": 3, "order_matches_extensions_unresolved": 87}, "space_comparison_counts": {"layer_discrepancy": 33, "layers_match": 194, "not_computed": 1, "paper_incomplete": 2, "twist_not_tabulated": 230}, "total_tasks": 489, "updated_utc": "2026-09-24T19:22:36.465372+00:00"}
{"certified_ko": false, "completed_e6": 488, "counts": {"RUNNING": 1, "computed": 488}, "finite_comparison_counts": {"order_differs": 3, "order_matches_extensions_unresolved": 87}, "space_comparison_counts": {"layer_discrepancy": 33, "layers_match": 194, "not_computed": 1, "paper_incomplete": 2, "twist_not_tabulated": 230}, "total_tasks": 489, "updated_utc": "2026-09-24T19:23:37.024323+00:00"}
{"certified_ko": false, "completed_e6": 488, "counts": {"RUNNING": 1, "computed": 488}, "finite_comparison_counts": {"order_differs": 3, "order_matches_extensions_unresolved": 87}, "space_comparison_counts": {"layer_discrepancy": 33, "layers_match": 194, "not_computed": 1, "paper_incomplete": 2, "twist_not_tabulated": 230}, "total_tasks": 489, "updated_utc": "2026-09-24T19:24:37.585818+00:00"}
{"certified_ko": false, "completed_e6": 488, "counts": {"RUNNING": 1, "computed": 488}, "finite_comparison_counts": {"order_differs": 3, "order_matches_extensions_unresolved": 87}, "space_comparison_counts": {"layer_discrepancy": 33, "layers_match": 194, "not_computed": 1, "paper_incomplete": 2, "twist_not_tabulated": 230}, "total_tasks": 489, "updated_utc": "2026-09-24T19:25:38.144462+00:00"}
{"certified_ko": false, "completed_e6": 488, "counts": {"RUNNING": 1, "computed": 488}, "finite_comparison_counts": {"order_differs": 3, "order_matches_extensions_unresolved": 87}, "space_comparison_counts": {"layer_discrepancy": 33, "layers_match": 194, "not_computed": 1, "paper_incomplete": 2, "twist_not_tabulated": 230}, "total_tasks": 489, "updated_utc": "2026-09-24T19:26:38.705894+00:00"}
{"certified_ko": false, "completed_e6": 488, "counts": {"RUNNING": 1, "computed": 488}, "finite_comparison_counts": {"order_differs": 3, "order_matches_extensions_unresolved": 87}, "space_comparison_counts": {"layer_discrepancy": 33, "layers_match": 194, "not_computed": 1, "paper_incomplete": 2, "twist_not_tabulated": 230}, "total_tasks": 489, "updated_utc": "2026-09-24T19:27:39.265989+00:00"}
{"certified_ko": false, "completed_e6": 488, "counts": {"RUNNING": 1, "computed": 488}, "finite_comparison_counts": {"order_differs": 3, "order_matches_extensions_unresolved": 87}, "space_comparison_counts": {"layer_discrepancy": 33, "layers_match": 194, "not_computed": 1, "paper_incomplete": 2, "twist_not_tabulated": 230}, "total_tasks": 489, "updated_utc": "2026-09-24T19:28:39.825298+00:00"}
{"certified_ko": false, "completed_e6": 488, "counts": {"RUNNING": 1, "computed": 488}, "finite_comparison_counts": {"order_differs": 3, "order_matches_extensions_unresolved": 87}, "space_comparison_counts": {"layer_discrepancy": 33, "layers_match": 194, "not_computed": 1, "paper_incomplete": 2, "twist_not_tabulated": 230}, "total_tasks": 489, "updated_utc": "2026-09-24T19:29:40.386991+00:00"}
{"certified_ko": false, "completed_e6": 488, "counts": {"RUNNING": 1, "computed": 488}, "finite_comparison_counts": {"order_differs": 3, "order_matches_extensions_unresolved": 87}, "space_comparison_counts": {"layer_discrepancy": 33, "layers_match": 194, "not_computed": 1, "paper_incomplete": 2, "twist_not_tabulated": 230}, "total_tasks": 489, "updated_utc": "2026-09-24T19:30:40.947632+00:00"}
{"certified_ko": false, "completed_e6": 488, "counts": {"RUNNING": 1, "computed": 488}, "finite_comparison_counts": {"order_differs": 3, "order_matches_extensions_unresolved": 87}, "space_comparison_counts": {"layer_discrepancy": 33, "layers_match": 194, "not_computed": 1, "paper_incomplete": 2, "twist_not_tabulated": 230}, "total_tasks": 489, "updated_utc": "2026-09-24T19:31:41.512448+00:00"}
{"certified_ko": false, "completed_e6": 488, "counts": {"RUNNING": 1, "computed": 488}, "finite_comparison_counts": {"order_differs": 3, "order_matches_extensions_unresolved": 87}, "space_comparison_counts": {"layer_discrepancy": 33, "layers_match": 194, "not_computed": 1, "paper_incomplete": 2, "twist_not_tabulated": 230}, "total_tasks": 489, "updated_utc": "2026-09-24T19:32:42.071174+00:00"}
{"certified_ko": false, "completed_e6": 488, "counts": {"RUNNING": 1, "computed": 488}, "finite_comparison_counts": {"order_differs": 3, "order_matches_extensions_unresolved": 87}, "space_comparison_counts": {"layer_discrepancy": 33, "layers_match": 194, "not_computed": 1, "paper_incomplete": 2, "twist_not_tabulated": 230}, "total_tasks": 489, "updated_utc": "2026-09-24T19:33:42.630985+00:00"}
{"certified_ko": false, "completed_e6": 488, "counts": {"RUNNING": 1, "computed": 488}, "finite_comparison_counts": {"order_differs": 3, "order_matches_extensions_unresolved": 87}, "space_comparison_counts": {"layer_discrepancy": 33, "layers_match": 194, "not_computed": 1, "paper_incomplete": 2, "twist_not_tabulated": 230}, "total_tasks": 489, "updated_utc": "2026-09-24T19:34:43.190120+00:00"}
{"certified_ko": false, "completed_e6": 488, "counts": {"RUNNING": 1, "computed": 488}, "finite_comparison_counts": {"order_differs": 3, "order_matches_extensions_unresolved": 87}, "space_comparison_counts": {"layer_discrepancy": 33, "layers_match": 194, "not_computed": 1, "paper_incomplete": 2, "twist_not_tabulated": 230}, "total_tasks": 489, "updated_utc": "2026-09-24T19:35:43.759092+00:00"}
{"certified_ko": false, "completed_e6": 488, "counts": {"RUNNING": 1, "computed": 488}, "finite_comparison_counts": {"order_differs": 3, "order_matches_extensions_unresolved": 87}, "space_comparison_counts": {"layer_discrepancy": 33, "layers_match": 194, "not_computed": 1, "paper_incomplete": 2, "twist_not_tabulated": 230}, "total_tasks": 489, "updated_utc": "2026-09-24T19:36:44.320871+00:00"}
{"certified_ko": false, "completed_e6": 488, "counts": {"RUNNING": 1, "computed": 488}, "finite_comparison_counts": {"order_differs": 3, "order_matches_extensions_unresolved": 87}, "space_comparison_counts": {"layer_discrepancy": 33, "layers_match": 194, "not_computed": 1, "paper_incomplete": 2, "twist_not_tabulated": 230}, "total_tasks": 489, "updated_utc": "2026-09-24T19:37:44.881173+00:00"}
{"certified_ko": false, "completed_e6": 488, "counts": {"RUNNING": 1, "computed": 488}, "finite_comparison_counts": {"order_differs": 3, "order_matches_extensions_unresolved": 87}, "space_comparison_counts": {"layer_discrepancy": 33, "layers_match": 194, "not_computed": 1, "paper_incomplete": 2, "twist_not_tabulated": 230}, "total_tasks": 489, "updated_utc": "2026-09-24T19:38:45.443746+00:00"}
{"certified_ko": false, "completed_e6": 488, "counts": {"RUNNING": 1, "computed": 488}, "finite_comparison_counts": {"order_differs": 3, "order_matches_extensions_unresolved": 87}, "space_comparison_counts": {"layer_discrepancy": 33, "layers_match": 194, "not_computed": 1, "paper_incomplete": 2, "twist_not_tabulated": 230}, "total_tasks": 489, "updated_utc": "2026-09-24T19:39:46.005340+00:00"}
{"certified_ko": false, "completed_e6": 488, "counts": {"RUNNING": 1, "computed": 488}, "finite_comparison_counts": {"order_differs": 3, "order_matches_extensions_unresolved": 87}, "space_comparison_counts": {"layer_discrepancy": 33, "layers_match": 194, "not_computed": 1, "paper_incomplete": 2, "twist_not_tabulated": 230}, "total_tasks": 489, "updated_utc": "2026-09-24T19:40:46.565335+00:00"}
{"certified_ko": false, "completed_e6": 488, "counts": {"RUNNING": 1, "computed": 488}, "finite_comparison_counts": {"order_differs": 3, "order_matches_extensions_unresolved": 87}, "space_comparison_counts": {"layer_discrepancy": 33, "layers_match": 194, "not_computed": 1, "paper_incomplete": 2, "twist_not_tabulated": 230}, "total_tasks": 489, "updated_utc": "2026-09-24T19:41:47.124607+00:00"}
{"certified_ko": false, "completed_e6": 488, "counts": {"RUNNING": 1, "computed": 488}, "finite_comparison_counts": {"order_differs": 3, "order_matches_extensions_unresolved": 87}, "space_comparison_counts": {"layer_discrepancy": 33, "layers_match": 194, "not_computed": 1, "paper_incomplete": 2, "twist_not_tabulated": 230}, "total_tasks": 489, "updated_utc": "2026-09-24T19:42:47.685147+00:00"}
{"certified_ko": false, "completed_e6": 488, "counts": {"RUNNING": 1, "computed": 488}, "finite_comparison_counts": {"order_differs": 3, "order_matches_extensions_unresolved": 87}, "space_comparison_counts": {"layer_discrepancy": 33, "layers_match": 194, "not_computed": 1, "paper_incomplete": 2, "twist_not_tabulated": 230}, "total_tasks": 489, "updated_utc": "2026-09-24T19:43:48.244089+00:00"}
{"certified_ko": false, "completed_e6": 488, "counts": {"RUNNING": 1, "computed": 488}, "finite_comparison_counts": {"order_differs": 3, "order_matches_extensions_unresolved": 87}, "space_comparison_counts": {"layer_discrepancy": 33, "layers_match": 194, "not_computed": 1, "paper_incomplete": 2, "twist_not_tabulated": 230}, "total_tasks": 489, "updated_utc": "2026-09-24T19:44:48.808131+00:00"}
{"certified_ko": false, "completed_e6": 488, "counts": {"RUNNING": 1, "computed": 488}, "finite_comparison_counts": {"order_differs": 3, "order_matches_extensions_unresolved": 87}, "space_comparison_counts": {"layer_discrepancy": 33, "layers_match": 194, "not_computed": 1, "paper_incomplete": 2, "twist_not_tabulated": 230}, "total_tasks": 489, "updated_utc": "2026-09-24T19:45:49.365991+00:00"}
{"certified_ko": false, "completed_e6": 488, "counts": {"RUNNING": 1, "computed": 488}, "finite_comparison_counts": {"order_differs": 3, "order_matches_extensions_unresolved": 87}, "space_comparison_counts": {"layer_discrepancy": 33, "layers_match": 194, "not_computed": 1, "paper_incomplete": 2, "twist_not_tabulated": 230}, "total_tasks": 489, "updated_utc": "2026-09-24T19:46:49.926010+00:00"}
{"certified_ko": false, "completed_e6": 488, "counts": {"RUNNING": 1, "computed": 488}, "finite_comparison_counts": {"order_differs": 3, "order_matches_extensions_unresolved": 87}, "space_comparison_counts": {"layer_discrepancy": 33, "layers_match": 194, "not_computed": 1, "paper_incomplete": 2, "twist_not_tabulated": 230}, "total_tasks": 489, "updated_utc": "2026-09-24T19:47:50.483984+00:00"}
{"certified_ko": false, "completed_e6": 488, "counts": {"RUNNING": 1, "computed": 488}, "finite_comparison_counts": {"order_differs": 3, "order_matches_extensions_unresolved": 87}, "space_comparison_counts": {"layer_discrepancy": 33, "layers_match": 194, "not_computed": 1, "paper_incomplete": 2, "twist_not_tabulated": 230}, "total_tasks": 489, "updated_utc": "2026-09-24T19:48:51.040728+00:00"}
{"certified_ko": false, "completed_e6": 488, "counts": {"RUNNING": 1, "computed": 488}, "finite_comparison_counts": {"order_differs": 3, "order_matches_extensions_unresolved": 87}, "space_comparison_counts": {"layer_discrepancy": 33, "layers_match": 194, "not_computed": 1, "paper_incomplete": 2, "twist_not_tabulated": 230}, "total_tasks": 489, "updated_utc": "2026-09-24T19:49:51.602145+00:00"}
{"certified_ko": false, "completed_e6": 488, "counts": {"RUNNING": 1, "computed": 488}, "finite_comparison_counts": {"order_differs": 3, "order_matches_extensions_unresolved": 87}, "space_comparison_counts": {"layer_discrepancy": 33, "layers_match": 194, "not_computed": 1, "paper_incomplete": 2, "twist_not_tabulated": 230}, "total_tasks": 489, "updated_utc": "2026-09-24T19:50:52.160803+00:00"}
{"certified_ko": false, "completed_e6": 488, "counts": {"RUNNING": 1, "computed": 488}, "finite_comparison_counts": {"order_differs": 3, "order_matches_extensions_unresolved": 87}, "space_comparison_counts": {"layer_discrepancy": 33, "layers_match": 194, "not_computed": 1, "paper_incomplete": 2, "twist_not_tabulated": 230}, "total_tasks": 489, "updated_utc": "2026-09-24T19:51:52.718883+00:00"}
{"certified_ko": false, "completed_e6": 488, "counts": {"RUNNING": 1, "computed": 488}, "finite_comparison_counts": {"order_differs": 3, "order_matches_extensions_unresolved": 87}, "space_comparison_counts": {"layer_discrepancy": 33, "layers_match": 194, "not_computed": 1, "paper_incomplete": 2, "twist_not_tabulated": 230}, "total_tasks": 489, "updated_utc": "2026-09-24T19:52:53.278727+00:00"}
{"certified_ko": false, "completed_e6": 488, "counts": {"RUNNING": 1, "computed": 488}, "finite_comparison_counts": {"order_differs": 3, "order_matches_extensions_unresolved": 87}, "space_comparison_counts": {"layer_discrepancy": 33, "layers_match": 194, "not_computed": 1, "paper_incomplete": 2, "twist_not_tabulated": 230}, "total_tasks": 489, "updated_utc": "2026-09-24T19:53:53.838578+00:00"}
{"certified_ko": false, "completed_e6": 488, "counts": {"RUNNING": 1, "computed": 488}, "finite_comparison_counts": {"order_differs": 3, "order_matches_extensions_unresolved": 87}, "space_comparison_counts": {"layer_discrepancy": 33, "layers_match": 194, "not_computed": 1, "paper_incomplete": 2, "twist_not_tabulated": 230}, "total_tasks": 489, "updated_utc": "2026-09-24T19:54:54.398465+00:00"}
{"certified_ko": false, "completed_e6": 488, "counts": {"RUNNING": 1, "computed": 488}, "finite_comparison_counts": {"order_differs": 3, "order_matches_extensions_unresolved": 87}, "space_comparison_counts": {"layer_discrepancy": 33, "layers_match": 194, "not_computed": 1, "paper_incomplete": 2, "twist_not_tabulated": 230}, "total_tasks": 489, "updated_utc": "2026-09-24T19:55:54.961991+00:00"}
{"certified_ko": false, "completed_e6": 488, "counts": {"RUNNING": 1, "computed": 488}, "finite_comparison_counts": {"order_differs": 3, "order_matches_extensions_unresolved": 87}, "space_comparison_counts": {"layer_discrepancy": 33, "layers_match": 194, "not_computed": 1, "paper_incomplete": 2, "twist_not_tabulated": 230}, "total_tasks": 489, "updated_utc": "2026-09-24T19:56:55.525141+00:00"}
{"certified_ko": false, "completed_e6": 488, "counts": {"RUNNING": 1, "computed": 488}, "finite_comparison_counts": {"order_differs": 3, "order_matches_extensions_unresolved": 87}, "space_comparison_counts": {"layer_discrepancy": 33, "layers_match": 194, "not_computed": 1, "paper_incomplete": 2, "twist_not_tabulated": 230}, "total_tasks": 489, "updated_utc": "2026-09-24T19:57:56.084473+00:00"}
{"certified_ko": false, "completed_e6": 488, "counts": {"RUNNING": 1, "computed": 488}, "finite_comparison_counts": {"order_differs": 3, "order_matches_extensions_unresolved": 87}, "space_comparison_counts": {"layer_discrepancy": 33, "layers_match": 194, "not_computed": 1, "paper_incomplete": 2, "twist_not_tabulated": 230}, "total_tasks": 489, "updated_utc": "2026-09-24T19:58:56.645891+00:00"}
{"certified_ko": false, "completed_e6": 488, "counts": {"RUNNING": 1, "computed": 488}, "finite_comparison_counts": {"order_differs": 3, "order_matches_extensions_unresolved": 87}, "space_comparison_counts": {"layer_discrepancy": 33, "layers_match": 194, "not_computed": 1, "paper_incomplete": 2, "twist_not_tabulated": 230}, "total_tasks": 489, "updated_utc": "2026-09-24T19:59:57.203892+00:00"}
{"certified_ko": false, "completed_e6": 488, "counts": {"RUNNING": 1, "computed": 488}, "finite_comparison_counts": {"order_differs": 3, "order_matches_extensions_unresolved": 87}, "space_comparison_counts": {"layer_discrepancy": 33, "layers_match": 194, "not_computed": 1, "paper_incomplete": 2, "twist_not_tabulated": 230}, "total_tasks": 489, "updated_utc": "2026-09-24T20:00:57.765340+00:00"}
{"certified_ko": false, "completed_e6": 488, "counts": {"RUNNING": 1, "computed": 488}, "finite_comparison_counts": {"order_differs": 3, "order_matches_extensions_unresolved": 87}, "space_comparison_counts": {"layer_discrepancy": 33, "layers_match": 194, "not_computed": 1, "paper_incomplete": 2, "twist_not_tabulated": 230}, "total_tasks": 489, "updated_utc": "2026-09-24T20:01:58.327611+00:00"}
{"certified_ko": false, "completed_e6": 488, "counts": {"RUNNING": 1, "computed": 488}, "finite_comparison_counts": {"order_differs": 3, "order_matches_extensions_unresolved": 87}, "space_comparison_counts": {"layer_discrepancy": 33, "layers_match": 194, "not_computed": 1, "paper_incomplete": 2, "twist_not_tabulated": 230}, "total_tasks": 489, "updated_utc": "2026-09-24T20:02:58.888703+00:00"}
{"certified_ko": false, "completed_e6": 488, "counts": {"RUNNING": 1, "computed": 488}, "finite_comparison_counts": {"order_differs": 3, "order_matches_extensions_unresolved": 87}, "space_comparison_counts": {"layer_discrepancy": 33, "layers_match": 194, "not_computed": 1, "paper_incomplete": 2, "twist_not_tabulated": 230}, "total_tasks": 489, "updated_utc": "2026-09-24T20:03:59.446085+00:00"}
{"certified_ko": false, "completed_e6": 488, "counts": {"RUNNING": 1, "computed": 488}, "finite_comparison_counts": {"order_differs": 3, "order_matches_extensions_unresolved": 87}, "space_comparison_counts": {"layer_discrepancy": 33, "layers_match": 194, "not_computed": 1, "paper_incomplete": 2, "twist_not_tabulated": 230}, "total_tasks": 489, "updated_utc": "2026-09-24T20:05:00.006570+00:00"}
{"certified_ko": false, "completed_e6": 488, "counts": {"RUNNING": 1, "computed": 488}, "finite_comparison_counts": {"order_differs": 3, "order_matches_extensions_unresolved": 87}, "space_comparison_counts": {"layer_discrepancy": 33, "layers_match": 194, "not_computed": 1, "paper_incomplete": 2, "twist_not_tabulated": 230}, "total_tasks": 489, "updated_utc": "2026-09-24T20:06:00.566948+00:00"}
{"certified_ko": false, "completed_e6": 488, "counts": {"RUNNING": 1, "computed": 488}, "finite_comparison_counts": {"order_differs": 3, "order_matches_extensions_unresolved": 87}, "space_comparison_counts": {"layer_discrepancy": 33, "layers_match": 194, "not_computed": 1, "paper_incomplete": 2, "twist_not_tabulated": 230}, "total_tasks": 489, "updated_utc": "2026-09-24T20:07:01.125806+00:00"}
{"certified_ko": false, "completed_e6": 488, "counts": {"RUNNING": 1, "computed": 488}, "finite_comparison_counts": {"order_differs": 3, "order_matches_extensions_unresolved": 87}, "space_comparison_counts": {"layer_discrepancy": 33, "layers_match": 194, "not_computed": 1, "paper_incomplete": 2, "twist_not_tabulated": 230}, "total_tasks": 489, "updated_utc": "2026-09-24T20:08:01.682788+00:00"}
{"certified_ko": false, "completed_e6": 488, "counts": {"RUNNING": 1, "computed": 488}, "finite_comparison_counts": {"order_differs": 3, "order_matches_extensions_unresolved": 87}, "space_comparison_counts": {"layer_discrepancy": 33, "layers_match": 194, "not_computed": 1, "paper_incomplete": 2, "twist_not_tabulated": 230}, "total_tasks": 489, "updated_utc": "2026-09-24T20:09:02.243189+00:00"}
{"certified_ko": false, "completed_e6": 488, "counts": {"RUNNING": 1, "computed": 488}, "finite_comparison_counts": {"order_differs": 3, "order_matches_extensions_unresolved": 87}, "space_comparison_counts": {"layer_discrepancy": 33, "layers_match": 194, "not_computed": 1, "paper_incomplete": 2, "twist_not_tabulated": 230}, "total_tasks": 489, "updated_utc": "2026-09-24T20:10:02.806326+00:00"}
{"certified_ko": false, "completed_e6": 488, "counts": {"RUNNING": 1, "computed": 488}, "finite_comparison_counts": {"order_differs": 3, "order_matches_extensions_unresolved": 87}, "space_comparison_counts": {"layer_discrepancy": 33, "layers_match": 194, "not_computed": 1, "paper_incomplete": 2, "twist_not_tabulated": 230}, "total_tasks": 489, "updated_utc": "2026-09-24T20:11:03.368841+00:00"}
{"certified_ko": false, "completed_e6": 488, "counts": {"RUNNING": 1, "computed": 488}, "finite_comparison_counts": {"order_differs": 3, "order_matches_extensions_unresolved": 87}, "space_comparison_counts": {"layer_discrepancy": 33, "layers_match": 194, "not_computed": 1, "paper_incomplete": 2, "twist_not_tabulated": 230}, "total_tasks": 489, "updated_utc": "2026-09-24T20:12:03.930880+00:00"}
{"certified_ko": false, "completed_e6": 488, "counts": {"RUNNING": 1, "computed": 488}, "finite_comparison_counts": {"order_differs": 3, "order_matches_extensions_unresolved": 87}, "space_comparison_counts": {"layer_discrepancy": 33, "layers_match": 194, "not_computed": 1, "paper_incomplete": 2, "twist_not_tabulated": 230}, "total_tasks": 489, "updated_utc": "2026-09-24T20:13:04.491095+00:00"}
{"certified_ko": false, "completed_e6": 488, "counts": {"RUNNING": 1, "computed": 488}, "finite_comparison_counts": {"order_differs": 3, "order_matches_extensions_unresolved": 87}, "space_comparison_counts": {"layer_discrepancy": 33, "layers_match": 194, "not_computed": 1, "paper_incomplete": 2, "twist_not_tabulated": 230}, "total_tasks": 489, "updated_utc": "2026-09-24T20:14:05.048984+00:00"}
{"certified_ko": false, "completed_e6": 488, "counts": {"RUNNING": 1, "computed": 488}, "finite_comparison_counts": {"order_differs": 3, "order_matches_extensions_unresolved": 87}, "space_comparison_counts": {"layer_discrepancy": 33, "layers_match": 194, "not_computed": 1, "paper_incomplete": 2, "twist_not_tabulated": 230}, "total_tasks": 489, "updated_utc": "2026-09-24T20:15:05.608215+00:00"}
{"certified_ko": false, "completed_e6": 488, "counts": {"RUNNING": 1, "computed": 488}, "finite_comparison_counts": {"order_differs": 3, "order_matches_extensions_unresolved": 87}, "space_comparison_counts": {"layer_discrepancy": 33, "layers_match": 194, "not_computed": 1, "paper_incomplete": 2, "twist_not_tabulated": 230}, "total_tasks": 489, "updated_utc": "2026-09-24T20:16:06.324830+00:00"}
{"certified_ko": false, "completed_e6": 488, "counts": {"RUNNING": 1, "computed": 488}, "finite_comparison_counts": {"order_differs": 3, "order_matches_extensions_unresolved": 87}, "space_comparison_counts": {"layer_discrepancy": 33, "layers_match": 194, "not_computed": 1, "paper_incomplete": 2, "twist_not_tabulated": 230}, "total_tasks": 489, "updated_utc": "2026-09-24T20:17:06.885203+00:00"}
{"certified_ko": false, "completed_e6": 488, "counts": {"RUNNING": 1, "computed": 488}, "finite_comparison_counts": {"order_differs": 3, "order_matches_extensions_unresolved": 87}, "space_comparison_counts": {"layer_discrepancy": 33, "layers_match": 194, "not_computed": 1, "paper_incomplete": 2, "twist_not_tabulated": 230}, "total_tasks": 489, "updated_utc": "2026-09-24T20:18:07.452556+00:00"}
{"certified_ko": false, "completed_e6": 488, "counts": {"RUNNING": 1, "computed": 488}, "finite_comparison_counts": {"order_differs": 3, "order_matches_extensions_unresolved": 87}, "space_comparison_counts": {"layer_discrepancy": 33, "layers_match": 194, "not_computed": 1, "paper_incomplete": 2, "twist_not_tabulated": 230}, "total_tasks": 489, "updated_utc": "2026-09-24T20:19:08.016519+00:00"}
{"certified_ko": false, "completed_e6": 488, "counts": {"RUNNING": 1, "computed": 488}, "finite_comparison_counts": {"order_differs": 3, "order_matches_extensions_unresolved": 87}, "space_comparison_counts": {"layer_discrepancy": 33, "layers_match": 194, "not_computed": 1, "paper_incomplete": 2, "twist_not_tabulated": 230}, "total_tasks": 489, "updated_utc": "2026-09-24T20:20:08.573529+00:00"}
{"certified_ko": false, "completed_e6": 488, "counts": {"RUNNING": 1, "computed": 488}, "finite_comparison_counts": {"order_differs": 3, "order_matches_extensions_unresolved": 87}, "space_comparison_counts": {"layer_discrepancy": 33, "layers_match": 194, "not_computed": 1, "paper_incomplete": 2, "twist_not_tabulated": 230}, "total_tasks": 489, "updated_utc": "2026-09-24T20:21:09.361836+00:00"}
{"certified_ko": false, "completed_e6": 488, "counts": {"RUNNING": 1, "computed": 488}, "finite_comparison_counts": {"order_differs": 3, "order_matches_extensions_unresolved": 87}, "space_comparison_counts": {"layer_discrepancy": 33, "layers_match": 194, "not_computed": 1, "paper_incomplete": 2, "twist_not_tabulated": 230}, "total_tasks": 489, "updated_utc": "2026-09-24T20:22:10.026975+00:00"}
{"certified_ko": false, "completed_e6": 488, "counts": {"RUNNING": 1, "computed": 488}, "finite_comparison_counts": {"order_differs": 3, "order_matches_extensions_unresolved": 87}, "space_comparison_counts": {"layer_discrepancy": 33, "layers_match": 194, "not_computed": 1, "paper_incomplete": 2, "twist_not_tabulated": 230}, "total_tasks": 489, "updated_utc": "2026-09-24T20:23:10.587594+00:00"}
{"certified_ko": false, "completed_e6": 488, "counts": {"RUNNING": 1, "computed": 488}, "finite_comparison_counts": {"order_differs": 3, "order_matches_extensions_unresolved": 87}, "space_comparison_counts": {"layer_discrepancy": 33, "layers_match": 194, "not_computed": 1, "paper_incomplete": 2, "twist_not_tabulated": 230}, "total_tasks": 489, "updated_utc": "2026-09-24T20:24:11.146796+00:00"}
{"certified_ko": false, "completed_e6": 488, "counts": {"RUNNING": 1, "computed": 488}, "finite_comparison_counts": {"order_differs": 3, "order_matches_extensions_unresolved": 87}, "space_comparison_counts": {"layer_discrepancy": 33, "layers_match": 194, "not_computed": 1, "paper_incomplete": 2, "twist_not_tabulated": 230}, "total_tasks": 489, "updated_utc": "2026-09-24T20:25:11.707382+00:00"}
{"certified_ko": false, "completed_e6": 488, "counts": {"RUNNING": 1, "computed": 488}, "finite_comparison_counts": {"order_differs": 3, "order_matches_extensions_unresolved": 87}, "space_comparison_counts": {"layer_discrepancy": 33, "layers_match": 194, "not_computed": 1, "paper_incomplete": 2, "twist_not_tabulated": 230}, "total_tasks": 489, "updated_utc": "2026-09-24T20:26:12.320089+00:00"}
{"certified_ko": false, "completed_e6": 488, "counts": {"RUNNING": 1, "computed": 488}, "finite_comparison_counts": {"order_differs": 3, "order_matches_extensions_unresolved": 87}, "space_comparison_counts": {"layer_discrepancy": 33, "layers_match": 194, "not_computed": 1, "paper_incomplete": 2, "twist_not_tabulated": 230}, "total_tasks": 489, "updated_utc": "2026-09-24T20:27:12.881109+00:00"}
{"certified_ko": false, "completed_e6": 488, "counts": {"RUNNING": 1, "computed": 488}, "finite_comparison_counts": {"order_differs": 3, "order_matches_extensions_unresolved": 87}, "space_comparison_counts": {"layer_discrepancy": 33, "layers_match": 194, "not_computed": 1, "paper_incomplete": 2, "twist_not_tabulated": 230}, "total_tasks": 489, "updated_utc": "2026-09-24T20:28:13.438660+00:00"}
{"certified_ko": false, "completed_e6": 488, "counts": {"RUNNING": 1, "computed": 488}, "finite_comparison_counts": {"order_differs": 3, "order_matches_extensions_unresolved": 87}, "space_comparison_counts": {"layer_discrepancy": 33, "layers_match": 194, "not_computed": 1, "paper_incomplete": 2, "twist_not_tabulated": 230}, "total_tasks": 489, "updated_utc": "2026-09-24T20:29:13.998622+00:00"}
{"certified_ko": false, "completed_e6": 488, "counts": {"RUNNING": 1, "computed": 488}, "finite_comparison_counts": {"order_differs": 3, "order_matches_extensions_unresolved": 87}, "space_comparison_counts": {"layer_discrepancy": 33, "layers_match": 194, "not_computed": 1, "paper_incomplete": 2, "twist_not_tabulated": 230}, "total_tasks": 489, "updated_utc": "2026-09-24T20:30:14.558504+00:00"}
{"certified_ko": false, "completed_e6": 488, "counts": {"RUNNING": 1, "computed": 488}, "finite_comparison_counts": {"order_differs": 3, "order_matches_extensions_unresolved": 87}, "space_comparison_counts": {"layer_discrepancy": 33, "layers_match": 194, "not_computed": 1, "paper_incomplete": 2, "twist_not_tabulated": 230}, "total_tasks": 489, "updated_utc": "2026-09-24T20:31:15.116670+00:00"}
{"certified_ko": false, "completed_e6": 488, "counts": {"RUNNING": 1, "computed": 488}, "finite_comparison_counts": {"order_differs": 3, "order_matches_extensions_unresolved": 87}, "space_comparison_counts": {"layer_discrepancy": 33, "layers_match": 194, "not_computed": 1, "paper_incomplete": 2, "twist_not_tabulated": 230}, "total_tasks": 489, "updated_utc": "2026-09-24T20:32:15.672895+00:00"}
{"certified_ko": false, "completed_e6": 488, "counts": {"RUNNING": 1, "computed": 488}, "finite_comparison_counts": {"order_differs": 3, "order_matches_extensions_unresolved": 87}, "space_comparison_counts": {"layer_discrepancy": 33, "layers_match": 194, "not_computed": 1, "paper_incomplete": 2, "twist_not_tabulated": 230}, "total_tasks": 489, "updated_utc": "2026-09-24T20:33:16.234117+00:00"}
{"certified_ko": false, "completed_e6": 488, "counts": {"RUNNING": 1, "computed": 488}, "finite_comparison_counts": {"order_differs": 3, "order_matches_extensions_unresolved": 87}, "space_comparison_counts": {"layer_discrepancy": 33, "layers_match": 194, "not_computed": 1, "paper_incomplete": 2, "twist_not_tabulated": 230}, "total_tasks": 489, "updated_utc": "2026-09-24T20:34:16.794387+00:00"}
{"certified_ko": false, "completed_e6": 488, "counts": {"RUNNING": 1, "computed": 488}, "finite_comparison_counts": {"order_differs": 3, "order_matches_extensions_unresolved": 87}, "space_comparison_counts": {"layer_discrepancy": 33, "layers_match": 194, "not_computed": 1, "paper_incomplete": 2, "twist_not_tabulated": 230}, "total_tasks": 489, "updated_utc": "2026-09-24T20:35:17.354162+00:00"}
{"certified_ko": false, "completed_e6": 488, "counts": {"RUNNING": 1, "computed": 488}, "finite_comparison_counts": {"order_differs": 3, "order_matches_extensions_unresolved": 87}, "space_comparison_counts": {"layer_discrepancy": 33, "layers_match": 194, "not_computed": 1, "paper_incomplete": 2, "twist_not_tabulated": 230}, "total_tasks": 489, "updated_utc": "2026-09-24T20:36:17.916829+00:00"}
{"certified_ko": false, "completed_e6": 488, "counts": {"RUNNING": 1, "computed": 488}, "finite_comparison_counts": {"order_differs": 3, "order_matches_extensions_unresolved": 87}, "space_comparison_counts": {"layer_discrepancy": 33, "layers_match": 194, "not_computed": 1, "paper_incomplete": 2, "twist_not_tabulated": 230}, "total_tasks": 489, "updated_utc": "2026-09-24T20:37:18.480316+00:00"}
{"certified_ko": false, "completed_e6": 488, "counts": {"RUNNING": 1, "computed": 488}, "finite_comparison_counts": {"order_differs": 3, "order_matches_extensions_unresolved": 87}, "space_comparison_counts": {"layer_discrepancy": 33, "layers_match": 194, "not_computed": 1, "paper_incomplete": 2, "twist_not_tabulated": 230}, "total_tasks": 489, "updated_utc": "2026-09-24T20:38:19.047165+00:00"}
{"certified_ko": false, "completed_e6": 488, "counts": {"RUNNING": 1, "computed": 488}, "finite_comparison_counts": {"order_differs": 3, "order_matches_extensions_unresolved": 87}, "space_comparison_counts": {"layer_discrepancy": 33, "layers_match": 194, "not_computed": 1, "paper_incomplete": 2, "twist_not_tabulated": 230}, "total_tasks": 489, "updated_utc": "2026-09-24T20:39:19.605050+00:00"}
{"certified_ko": false, "completed_e6": 488, "counts": {"RUNNING": 1, "computed": 488}, "finite_comparison_counts": {"order_differs": 3, "order_matches_extensions_unresolved": 87}, "space_comparison_counts": {"layer_discrepancy": 33, "layers_match": 194, "not_computed": 1, "paper_incomplete": 2, "twist_not_tabulated": 230}, "total_tasks": 489, "updated_utc": "2026-09-24T20:40:20.164421+00:00"}
{"certified_ko": false, "completed_e6": 488, "counts": {"RUNNING": 1, "computed": 488}, "finite_comparison_counts": {"order_differs": 3, "order_matches_extensions_unresolved": 87}, "space_comparison_counts": {"layer_discrepancy": 33, "layers_match": 194, "not_computed": 1, "paper_incomplete": 2, "twist_not_tabulated": 230}, "total_tasks": 489, "updated_utc": "2026-09-24T20:41:20.722314+00:00"}
{"certified_ko": false, "completed_e6": 488, "counts": {"RUNNING": 1, "computed": 488}, "finite_comparison_counts": {"order_differs": 3, "order_matches_extensions_unresolved": 87}, "space_comparison_counts": {"layer_discrepancy": 33, "layers_match": 194, "not_computed": 1, "paper_incomplete": 2, "twist_not_tabulated": 230}, "total_tasks": 489, "updated_utc": "2026-09-24T20:42:21.281025+00:00"}
{"certified_ko": false, "completed_e6": 488, "counts": {"RUNNING": 1, "computed": 488}, "finite_comparison_counts": {"order_differs": 3, "order_matches_extensions_unresolved": 87}, "space_comparison_counts": {"layer_discrepancy": 33, "layers_match": 194, "not_computed": 1, "paper_incomplete": 2, "twist_not_tabulated": 230}, "total_tasks": 489, "updated_utc": "2026-09-24T20:43:21.840124+00:00"}
{"certified_ko": false, "completed_e6": 488, "counts": {"RUNNING": 1, "computed": 488}, "finite_comparison_counts": {"order_differs": 3, "order_matches_extensions_unresolved": 87}, "space_comparison_counts": {"layer_discrepancy": 33, "layers_match": 194, "not_computed": 1, "paper_incomplete": 2, "twist_not_tabulated": 230}, "total_tasks": 489, "updated_utc": "2026-09-24T20:44:22.396672+00:00"}
{"certified_ko": false, "completed_e6": 488, "counts": {"RUNNING": 1, "computed": 488}, "finite_comparison_counts": {"order_differs": 3, "order_matches_extensions_unresolved": 87}, "space_comparison_counts": {"layer_discrepancy": 33, "layers_match": 194, "not_computed": 1, "paper_incomplete": 2, "twist_not_tabulated": 230}, "total_tasks": 489, "updated_utc": "2026-09-24T20:45:22.964407+00:00"}
{"certified_ko": false, "completed_e6": 488, "counts": {"RUNNING": 1, "computed": 488}, "finite_comparison_counts": {"order_differs": 3, "order_matches_extensions_unresolved": 87}, "space_comparison_counts": {"layer_discrepancy": 33, "layers_match": 194, "not_computed": 1, "paper_incomplete": 2, "twist_not_tabulated": 230}, "total_tasks": 489, "updated_utc": "2026-09-24T20:46:23.523974+00:00"}
{"certified_ko": false, "completed_e6": 488, "counts": {"RUNNING": 1, "computed": 488}, "finite_comparison_counts": {"order_differs": 3, "order_matches_extensions_unresolved": 87}, "space_comparison_counts": {"layer_discrepancy": 33, "layers_match": 194, "not_computed": 1, "paper_incomplete": 2, "twist_not_tabulated": 230}, "total_tasks": 489, "updated_utc": "2026-09-24T20:47:24.081137+00:00"}
{"certified_ko": false, "completed_e6": 488, "counts": {"RUNNING": 1, "computed": 488}, "finite_comparison_counts": {"order_differs": 3, "order_matches_extensions_unresolved": 87}, "space_comparison_counts": {"layer_discrepancy": 33, "layers_match": 194, "not_computed": 1, "paper_incomplete": 2, "twist_not_tabulated": 230}, "total_tasks": 489, "updated_utc": "2026-09-24T20:48:24.641821+00:00"}
{"certified_ko": false, "completed_e6": 488, "counts": {"RUNNING": 1, "computed": 488}, "finite_comparison_counts": {"order_differs": 3, "order_matches_extensions_unresolved": 87}, "space_comparison_counts": {"layer_discrepancy": 33, "layers_match": 194, "not_computed": 1, "paper_incomplete": 2, "twist_not_tabulated": 230}, "total_tasks": 489, "updated_utc": "2026-09-24T20:49:25.203223+00:00"}
{"certified_ko": false, "completed_e6": 488, "counts": {"RUNNING": 1, "computed": 488}, "finite_comparison_counts": {"order_differs": 3, "order_matches_extensions_unresolved": 87}, "space_comparison_counts": {"layer_discrepancy": 33, "layers_match": 194, "not_computed": 1, "paper_incomplete": 2, "twist_not_tabulated": 230}, "total_tasks": 489, "updated_utc": "2026-09-24T20:50:25.761761+00:00"}
{"certified_ko": false, "completed_e6": 488, "counts": {"RUNNING": 1, "computed": 488}, "finite_comparison_counts": {"order_differs": 3, "order_matches_extensions_unresolved": 87}, "space_comparison_counts": {"layer_discrepancy": 33, "layers_match": 194, "not_computed": 1, "paper_incomplete": 2, "twist_not_tabulated": 230}, "total_tasks": 489, "updated_utc": "2026-09-24T20:51:26.320872+00:00"}
{"certified_ko": false, "completed_e6": 488, "counts": {"RUNNING": 1, "computed": 488}, "finite_comparison_counts": {"order_differs": 3, "order_matches_extensions_unresolved": 87}, "space_comparison_counts": {"layer_discrepancy": 33, "layers_match": 194, "not_computed": 1, "paper_incomplete": 2, "twist_not_tabulated": 230}, "total_tasks": 489, "updated_utc": "2026-09-24T20:52:26.879973+00:00"}
{"certified_ko": false, "completed_e6": 488, "counts": {"RUNNING": 1, "computed": 488}, "finite_comparison_counts": {"order_differs": 3, "order_matches_extensions_unresolved": 87}, "space_comparison_counts": {"layer_discrepancy": 33, "layers_match": 194, "not_computed": 1, "paper_incomplete": 2, "twist_not_tabulated": 230}, "total_tasks": 489, "updated_utc": "2026-09-24T20:53:27.443929+00:00"}
{"certified_ko": false, "completed_e6": 488, "counts": {"RUNNING": 1, "computed": 488}, "finite_comparison_counts": {"order_differs": 3, "order_matches_extensions_unresolved": 87}, "space_comparison_counts": {"layer_discrepancy": 33, "layers_match": 194, "not_computed": 1, "paper_incomplete": 2, "twist_not_tabulated": 230}, "total_tasks": 489, "updated_utc": "2026-09-24T20:54:28.003975+00:00"}
{"certified_ko": false, "completed_e6": 488, "counts": {"RUNNING": 1, "computed": 488}, "finite_comparison_counts": {"order_differs": 3, "order_matches_extensions_unresolved": 87}, "space_comparison_counts": {"layer_discrepancy": 33, "layers_match": 194, "not_computed": 1, "paper_incomplete": 2, "twist_not_tabulated": 230}, "total_tasks": 489, "updated_utc": "2026-09-24T20:55:28.561654+00:00"}
{"certified_ko": false, "completed_e6": 488, "counts": {"RUNNING": 1, "computed": 488}, "finite_comparison_counts": {"order_differs": 3, "order_matches_extensions_unresolved": 87}, "space_comparison_counts": {"layer_discrepancy": 33, "layers_match": 194, "not_computed": 1, "paper_incomplete": 2, "twist_not_tabulated": 230}, "total_tasks": 489, "updated_utc": "2026-09-24T20:56:29.123318+00:00"}
{"certified_ko": false, "completed_e6": 488, "counts": {"RUNNING": 1, "computed": 488}, "finite_comparison_counts": {"order_differs": 3, "order_matches_extensions_unresolved": 87}, "space_comparison_counts": {"layer_discrepancy": 33, "layers_match": 194, "not_computed": 1, "paper_incomplete": 2, "twist_not_tabulated": 230}, "total_tasks": 489, "updated_utc": "2026-09-24T20:57:29.682210+00:00"}
{"certified_ko": false, "completed_e6": 488, "counts": {"RUNNING": 1, "computed": 488}, "finite_comparison_counts": {"order_differs": 3, "order_matches_extensions_unresolved": 87}, "space_comparison_counts": {"layer_discrepancy": 33, "layers_match": 194, "not_computed": 1, "paper_incomplete": 2, "twist_not_tabulated": 230}, "total_tasks": 489, "updated_utc": "2026-09-24T20:58:30.241273+00:00"}
{"certified_ko": false, "completed_e6": 488, "counts": {"RUNNING": 1, "computed": 488}, "finite_comparison_counts": {"order_differs": 3, "order_matches_extensions_unresolved": 87}, "space_comparison_counts": {"layer_discrepancy": 33, "layers_match": 194, "not_computed": 1, "paper_incomplete": 2, "twist_not_tabulated": 230}, "total_tasks": 489, "updated_utc": "2026-09-24T20:59:30.804395+00:00"}
{"certified_ko": false, "completed_e6": 488, "counts": {"RUNNING": 1, "computed": 488}, "finite_comparison_counts": {"order_differs": 3, "order_matches_extensions_unresolved": 87}, "space_comparison_counts": {"layer_discrepancy": 33, "layers_match": 194, "not_computed": 1, "paper_incomplete": 2, "twist_not_tabulated": 230}, "total_tasks": 489, "updated_utc": "2026-09-24T21:00:31.365843+00:00"}
{"certified_ko": false, "completed_e6": 488, "counts": {"RUNNING": 1, "computed": 488}, "finite_comparison_counts": {"order_differs": 3, "order_matches_extensions_unresolved": 87}, "space_comparison_counts": {"layer_discrepancy": 33, "layers_match": 194, "not_computed": 1, "paper_incomplete": 2, "twist_not_tabulated": 230}, "total_tasks": 489, "updated_utc": "2026-09-24T21:01:31.922624+00:00"}
{"certified_ko": false, "completed_e6": 488, "counts": {"RUNNING": 1, "computed": 488}, "finite_comparison_counts": {"order_differs": 3, "order_matches_extensions_unresolved": 87}, "space_comparison_counts": {"layer_discrepancy": 33, "layers_match": 194, "not_computed": 1, "paper_incomplete": 2, "twist_not_tabulated": 230}, "total_tasks": 489, "updated_utc": "2026-09-24T21:02:32.478184+00:00"}
{"certified_ko": false, "completed_e6": 488, "counts": {"RUNNING": 1, "computed": 488}, "finite_comparison_counts": {"order_differs": 3, "order_matches_extensions_unresolved": 87}, "space_comparison_counts": {"layer_discrepancy": 33, "layers_match": 194, "not_computed": 1, "paper_incomplete": 2, "twist_not_tabulated": 230}, "total_tasks": 489, "updated_utc": "2026-09-24T21:03:33.040390+00:00"}
{"certified_ko": false, "completed_e6": 488, "counts": {"RUNNING": 1, "computed": 488}, "finite_comparison_counts": {"order_differs": 3, "order_matches_extensions_unresolved": 87}, "space_comparison_counts": {"layer_discrepancy": 33, "layers_match": 194, "not_computed": 1, "paper_incomplete": 2, "twist_not_tabulated": 230}, "total_tasks": 489, "updated_utc": "2026-09-24T21:04:33.602220+00:00"}
{"certified_ko": false, "completed_e6": 488, "counts": {"RUNNING": 1, "computed": 488}, "finite_comparison_counts": {"order_differs": 3, "order_matches_extensions_unresolved": 87}, "space_comparison_counts": {"layer_discrepancy": 33, "layers_match": 194, "not_computed": 1, "paper_incomplete": 2, "twist_not_tabulated": 230}, "total_tasks": 489, "updated_utc": "2026-09-24T21:05:34.165160+00:00"}
{"certified_ko": false, "completed_e6": 488, "counts": {"RUNNING": 1, "computed": 488}, "finite_comparison_counts": {"order_differs": 3, "order_matches_extensions_unresolved": 87}, "space_comparison_counts": {"layer_discrepancy": 33, "layers_match": 194, "not_computed": 1, "paper_incomplete": 2, "twist_not_tabulated": 230}, "total_tasks": 489, "updated_utc": "2026-09-24T21:06:34.726117+00:00"}
{"certified_ko": false, "completed_e6": 488, "counts": {"RUNNING": 1, "computed": 488}, "finite_comparison_counts": {"order_differs": 3, "order_matches_extensions_unresolved": 87}, "space_comparison_counts": {"layer_discrepancy": 33, "layers_match": 194, "not_computed": 1, "paper_incomplete": 2, "twist_not_tabulated": 230}, "total_tasks": 489, "updated_utc": "2026-09-24T21:07:35.284504+00:00"}
{"certified_ko": false, "completed_e6": 488, "counts": {"RUNNING": 1, "computed": 488}, "finite_comparison_counts": {"order_differs": 3, "order_matches_extensions_unresolved": 87}, "space_comparison_counts": {"layer_discrepancy": 33, "layers_match": 194, "not_computed": 1, "paper_incomplete": 2, "twist_not_tabulated": 230}, "total_tasks": 489, "updated_utc": "2026-09-24T21:08:35.859125+00:00"}
{"certified_ko": false, "completed_e6": 488, "counts": {"RUNNING": 1, "computed": 488}, "finite_comparison_counts": {"order_differs": 3, "order_matches_extensions_unresolved": 87}, "space_comparison_counts": {"layer_discrepancy": 33, "layers_match": 194, "not_computed": 1, "paper_incomplete": 2, "twist_not_tabulated": 230}, "total_tasks": 489, "updated_utc": "2026-09-24T21:09:36.416226+00:00"}
{"certified_ko": false, "completed_e6": 488, "counts": {"RUNNING": 1, "computed": 488}, "finite_comparison_counts": {"order_differs": 3, "order_matches_extensions_unresolved": 87}, "space_comparison_counts": {"layer_discrepancy": 33, "layers_match": 194, "not_computed": 1, "paper_incomplete": 2, "twist_not_tabulated": 230}, "total_tasks": 489, "updated_utc": "2026-09-24T21:10:36.975446+00:00"}
{"certified_ko": false, "completed_e6": 488, "counts": {"RUNNING": 1, "computed": 488}, "finite_comparison_counts": {"order_differs": 3, "order_matches_extensions_unresolved": 87}, "space_comparison_counts": {"layer_discrepancy": 33, "layers_match": 194, "not_computed": 1, "paper_incomplete": 2, "twist_not_tabulated": 230}, "total_tasks": 489, "updated_utc": "2026-09-24T21:11:37.533582+00:00"}
{"certified_ko": false, "completed_e6": 488, "counts": {"RUNNING": 1, "computed": 488}, "finite_comparison_counts": {"order_differs": 3, "order_matches_extensions_unresolved": 87}, "space_comparison_counts": {"layer_discrepancy": 33, "layers_match": 194, "not_computed": 1, "paper_incomplete": 2, "twist_not_tabulated": 230}, "total_tasks": 489, "updated_utc": "2026-09-24T21:12:38.091107+00:00"}
{"certified_ko": false, "completed_e6": 488, "counts": {"RUNNING": 1, "computed": 488}, "finite_comparison_counts": {"order_differs": 3, "order_matches_extensions_unresolved": 87}, "space_comparison_counts": {"layer_discrepancy": 33, "layers_match": 194, "not_computed": 1, "paper_incomplete": 2, "twist_not_tabulated": 230}, "total_tasks": 489, "updated_utc": "2026-09-24T21:13:38.649814+00:00"}
{"certified_ko": false, "completed_e6": 488, "counts": {"RUNNING": 1, "computed": 488}, "finite_comparison_counts": {"order_differs": 3, "order_matches_extensions_unresolved": 87}, "space_comparison_counts": {"layer_discrepancy": 33, "layers_match": 194, "not_computed": 1, "paper_incomplete": 2, "twist_not_tabulated": 230}, "total_tasks": 489, "updated_utc": "2026-09-24T21:14:39.206864+00:00"}
{"certified_ko": false, "completed_e6": 488, "counts": {"RUNNING": 1, "computed": 488}, "finite_comparison_counts": {"order_differs": 3, "order_matches_extensions_unresolved": 87}, "space_comparison_counts": {"layer_discrepancy": 33, "layers_match": 194, "not_computed": 1, "paper_incomplete": 2, "twist_not_tabulated": 230}, "total_tasks": 489, "updated_utc": "2026-09-24T21:15:39.778613+00:00"}
{"certified_ko": false, "completed_e6": 488, "counts": {"RUNNING": 1, "computed": 488}, "finite_comparison_counts": {"order_differs": 3, "order_matches_extensions_unresolved": 87}, "space_comparison_counts": {"layer_discrepancy": 33, "layers_match": 194, "not_computed": 1, "paper_incomplete": 2, "twist_not_tabulated": 230}, "total_tasks": 489, "updated_utc": "2026-09-24T21:16:40.343465+00:00"}
{"certified_ko": false, "completed_e6": 488, "counts": {"RUNNING": 1, "computed": 488}, "finite_comparison_counts": {"order_differs": 3, "order_matches_extensions_unresolved": 87}, "space_comparison_counts": {"layer_discrepancy": 33, "layers_match": 194, "not_computed": 1, "paper_incomplete": 2, "twist_not_tabulated": 230}, "total_tasks": 489, "updated_utc": "2026-09-24T21:17:40.900906+00:00"}
{"certified_ko": false, "completed_e6": 488, "counts": {"RUNNING": 1, "computed": 488}, "finite_comparison_counts": {"order_differs": 3, "order_matches_extensions_unresolved": 87}, "space_comparison_counts": {"layer_discrepancy": 33, "layers_match": 194, "not_computed": 1, "paper_incomplete": 2, "twist_not_tabulated": 230}, "total_tasks": 489, "updated_utc": "2026-09-24T21:18:41.465756+00:00"}
{"certified_ko": false, "completed_e6": 488, "counts": {"RUNNING": 1, "computed": 488}, "finite_comparison_counts": {"order_differs": 3, "order_matches_extensions_unresolved": 87}, "space_comparison_counts": {"layer_discrepancy": 33, "layers_match": 194, "not_computed": 1, "paper_incomplete": 2, "twist_not_tabulated": 230}, "total_tasks": 489, "updated_utc": "2026-09-24T21:19:42.036676+00:00"}
{"certified_ko": false, "completed_e6": 488, "counts": {"RUNNING": 1, "computed": 488}, "finite_comparison_counts": {"order_differs": 3, "order_matches_extensions_unresolved": 87}, "space_comparison_counts": {"layer_discrepancy": 33, "layers_match": 194, "not_computed": 1, "paper_incomplete": 2, "twist_not_tabulated": 230}, "total_tasks": 489, "updated_utc": "2026-09-24T21:20:42.598322+00:00"}
{"certified_ko": false, "completed_e6": 488, "counts": {"RUNNING": 1, "computed": 488}, "finite_comparison_counts": {"order_differs": 3, "order_matches_extensions_unresolved": 87}, "space_comparison_counts": {"layer_discrepancy": 33, "layers_match": 194, "not_computed": 1, "paper_incomplete": 2, "twist_not_tabulated": 230}, "total_tasks": 489, "updated_utc": "2026-09-24T21:21:43.166910+00:00"}
{"certified_ko": false, "completed_e6": 488, "counts": {"RUNNING": 1, "computed": 488}, "finite_comparison_counts": {"order_differs": 3, "order_matches_extensions_unresolved": 87}, "space_comparison_counts": {"layer_discrepancy": 33, "layers_match": 194, "not_computed": 1, "paper_incomplete": 2, "twist_not_tabulated": 230}, "total_tasks": 489, "updated_utc": "2026-09-24T21:22:43.734607+00:00"}
{"certified_ko": false, "completed_e6": 488, "counts": {"RUNNING": 1, "computed": 488}, "finite_comparison_counts": {"order_differs": 3, "order_matches_extensions_unresolved": 87}, "space_comparison_counts": {"layer_discrepancy": 33, "layers_match": 194, "not_computed": 1, "paper_incomplete": 2, "twist_not_tabulated": 230}, "total_tasks": 489, "updated_utc": "2026-09-24T21:23:44.290624+00:00"}
{"certified_ko": false, "completed_e6": 488, "counts": {"RUNNING": 1, "computed": 488}, "finite_comparison_counts": {"order_differs": 3, "order_matches_extensions_unresolved": 87}, "space_comparison_counts": {"layer_discrepancy": 33, "layers_match": 194, "not_computed": 1, "paper_incomplete": 2, "twist_not_tabulated": 230}, "total_tasks": 489, "updated_utc": "2026-09-24T21:24:44.851047+00:00"}
{"certified_ko": false, "completed_e6": 488, "counts": {"RUNNING": 1, "computed": 488}, "finite_comparison_counts": {"order_differs": 3, "order_matches_extensions_unresolved": 87}, "space_comparison_counts": {"layer_discrepancy": 33, "layers_match": 194, "not_computed": 1, "paper_incomplete": 2, "twist_not_tabulated": 230}, "total_tasks": 489, "updated_utc": "2026-09-24T21:25:45.406052+00:00"}
{"certified_ko": false, "completed_e6": 488, "counts": {"RUNNING": 1, "computed": 488}, "finite_comparison_counts": {"order_differs": 3, "order_matches_extensions_unresolved": 87}, "space_comparison_counts": {"layer_discrepancy": 33, "layers_match": 194, "not_computed": 1, "paper_incomplete": 2, "twist_not_tabulated": 230}, "total_tasks": 489, "updated_utc": "2026-09-24T21:26:45.966489+00:00"}
{"certified_ko": false, "completed_e6": 488, "counts": {"RUNNING": 1, "computed": 488}, "finite_comparison_counts": {"order_differs": 3, "order_matches_extensions_unresolved": 87}, "space_comparison_counts": {"layer_discrepancy": 33, "layers_match": 194, "not_computed": 1, "paper_incomplete": 2, "twist_not_tabulated": 230}, "total_tasks": 489, "updated_utc": "2026-09-24T21:27:46.527700+00:00"}
{"certified_ko": false, "completed_e6": 488, "counts": {"RUNNING": 1, "computed": 488}, "finite_comparison_counts": {"order_differs": 3, "order_matches_extensions_unresolved": 87}, "space_comparison_counts": {"layer_discrepancy": 33, "layers_match": 194, "not_computed": 1, "paper_incomplete": 2, "twist_not_tabulated": 230}, "total_tasks": 489, "updated_utc": "2026-09-24T21:28:47.087867+00:00"}
{"certified_ko": false, "completed_e6": 488, "counts": {"RUNNING": 1, "computed": 488}, "finite_comparison_counts": {"order_differs": 3, "order_matches_extensions_unresolved": 87}, "space_comparison_counts": {"layer_discrepancy": 33, "layers_match": 194, "not_computed": 1, "paper_incomplete": 2, "twist_not_tabulated": 230}, "total_tasks": 489, "updated_utc": "2026-09-24T21:29:47.653465+00:00"}
{"certified_ko": false, "completed_e6": 489, "counts": {"computed": 489}, "finite_comparison_counts": {"order_differs": 3, "order_matches_extensions_unresolved": 87}, "space_comparison_counts": {"layer_discrepancy": 34, "layers_match": 194, "paper_incomplete": 2, "twist_not_tabulated": 230}, "total_tasks": 489, "updated_utc": "2026-09-24T21:30:48.610395+00:00"}
{"certified_ko": false, "completed_e6": 489, "counts": {"computed": 489}, "finite_comparison_counts": {"order_differs": 3, "order_matches_extensions_unresolved": 87}, "space_comparison_counts": {"layer_discrepancy": 34, "layers_match": 194, "paper_incomplete": 2, "twist_not_tabulated": 230}, "total_tasks": 489, "updated_utc": "2026-09-24T21:31:49.170468+00:00"}
